symbol,sector
FEDERALBNK,Bank
IDFCFIRSTB,Bank
AUBANK,Bank
BANDHANBNK,Bank
RBLBANK,Bank
UNIONBANK,Bank
INDIANB,Bank
IDBI,Bank
YESBANK,Bank
KARURVYSYA,Bank
CUB,Bank
UJJIVANSFB,Bank
EQUITASBNK,Bank
CSBBANK,Bank
DCBBANK,Bank
MAHABANK,Bank
UCOBANK,Bank
CENTRALBK,Bank
SOUTHBANK,Bank
PSB,Bank
MUTHOOTFIN,NBFC
CHOLAFIN,NBFC
MANAPPURAM,NBFC
LICHSGFIN,NBFC
PFC,NBFC
RECLTD,NBFC
IRFC,NBFC
POONAWALLA,NBFC
ABCAPITAL,NBFC
SBICARD,NBFC
CANFINHOME,NBFC
AAVAS,NBFC
ANGELONE,NBFC
CDSL,NBFC
BSE,NBFC
MCX,NBFC
CAMS,NBFC
HUDCO,NBFC
PNBHOUSING,NBFC
PERSISTENT,IT
COFORGE,IT
MPHASIS,IT
OFSS,IT
KPITTECH,IT
TATAELXSI,IT
CYIENT,IT
SONATSOFTW,IT
BSOFT,IT
ZENSARTECH,IT
MASTEK,IT
INTELLECT,IT
TANLA,IT
NEWGENSOFT,IT
RATEGAIN,IT
LATENTVIEW,IT
HAPPSTMNDS,IT
ECLERX,IT
FSL,IT
LTTS,IT
TVSMOTOR,Auto
ASHOKLEY,Auto
BOSCHLTD,Auto
MOTHERSON,Auto
BHARATFORG,Auto
BALKRISIND,Auto
APOLLOTYRE,Auto
MRF,Auto
CEATLTD,Auto
EXIDEIND,Auto
SONACOMS,Auto
UNOMINDA,Auto
ENDURANCE,Auto
SUNDRMFAST,Auto
ESCORTS,Auto
FORCEMOT,Auto
JKTYRE,Auto
TIINDIA,Auto
CRAFTSMAN,Auto
SCHAEFFLER,Auto
LUPIN,Pharma
AUROPHARMA,Pharma
TORNTPHARM,Pharma
ZYDUSLIFE,Pharma
ALKEM,Pharma
MANKIND,Pharma
GLENMARK,Pharma
IPCALAB,Pharma
LAURUSLABS,Pharma
BIOCON,Pharma
GRANULES,Pharma
NATCOPHARM,Pharma
AJANTPHARM,Pharma
JBCHEPHARM,Pharma
ERIS,Pharma
GLAND,Pharma
SYNGENE,Pharma
FORTIS,Pharma
MAXHEALTH,Pharma
LALPATHLAB,Pharma
JINDALSTEL,Metal
SAIL,Metal
NMDC,Metal
NATIONALUM,Metal
HINDZINC,Metal
APLAPOLLO,Metal
JSL,Metal
RATNAMANI,Metal
WELCORP,Metal
LLOYDSME,Metal
MOIL,Metal
HINDCOPPER,Metal
GMDCLTD,Metal
SARDAEN,Metal
GPIL,Metal
JINDALSAW,Metal
DABUR,FMCG
GODREJCP,FMCG
MARICO,FMCG
COLPAL,FMCG
VBL,FMCG
EMAMILTD,FMCG
PATANJALI,FMCG
RADICO,FMCG
UBL,FMCG
JYOTHYLAB,FMCG
BIKAJI,FMCG
GILLETTE,FMCG
PGHH,FMCG
HONASA,FMCG
TATACONSUM,FMCG
PAGEIND,FMCG
BATAINDIA,FMCG
RELAXO,FMCG
VMART,FMCG
DEVYANI,FMCG
TATAPOWER,Energy
ADANIGREEN,Energy
ADANIPOWER,Energy
HINDPETRO,Energy
GAIL,Energy
IOC,Energy
BPCL,Energy
OIL,Energy
PETRONET,Energy
IGL,Energy
MGL,Energy
GUJGASLTD,Energy
JSWENERGY,Energy
NHPC,Energy
SJVN,Energy
TORNTPOWER,Energy
CESC,Energy
NTPCGREEN,Energy
SUZLON,Energy
INOXWIND,Energy
DLF,Realty
GODREJPROP,Realty
OBEROIRLTY,Realty
PRESTIGE,Realty
LODHA,Realty
PHOENIXLTD,Realty
BRIGADE,Realty
SOBHA,Realty
MAHLIFE,Realty
ANANTRAJ,Realty
SIGNATURE,Realty
RUSTOMJEE,Realty
RVNL,Defence-Rail
IRCON,Defence-Rail
RITES,Defence-Rail
NBCC,Defence-Rail
BEL,Defence-Rail
HAL,Defence-Rail
BDL,Defence-Rail
BHEL,Defence-Rail
MAZDOCK,Defence-Rail
COCHINSHIP,Defence-Rail
GRSE,Defence-Rail
BEML,Defence-Rail
TITAGARH,Defence-Rail
TEXRAIL,Defence-Rail
IRCTC,Defence-Rail
CONCOR,Defence-Rail
NCC,Defence-Rail
KEC,Defence-Rail
KALPATARU,Defence-Rail
IRB,Defence-Rail
CUMMINSIND,CapGoods
SIEMENS,CapGoods
ABB,CapGoods
POLYCAB,CapGoods
KEI,CapGoods
HAVELLS,CapGoods
THERMAX,CapGoods
GRINDWELL,CapGoods
CARBORUNIV,CapGoods
AIAENG,CapGoods
TIMKEN,CapGoods
SKFINDIA,CapGoods
ELGIEQUIP,CapGoods
KIRLOSENG,CapGoods
LAKSHMIMACH,CapGoods
HONAUT,CapGoods
APARINDS,CapGoods
CGPOWER,CapGoods
PIDILITIND,Chemicals
SRF,Chemicals
UPL,Chemicals
DEEPAKNTR,Chemicals
AARTIIND,Chemicals
NAVINFLUOR,Chemicals
ATUL,Chemicals
PIIND,Chemicals
TATACHEM,Chemicals
GNFC,Chemicals
CHAMBLFERT,Chemicals
COROMANDEL,Chemicals
FLUOROCHEM,Chemicals
CLEAN,Chemicals
SUMICHEM,Chemicals
VINATIORGA,Chemicals
ALKYLAMINE,Chemicals
BALAMINES,Chemicals
LXCHEM,Chemicals
ACC,Cement-Bldg
AMBUJACEM,Cement-Bldg
DALBHARAT,Cement-Bldg
RAMCOCEM,Cement-Bldg
JKCEMENT,Cement-Bldg
JKLAKSHMI,Cement-Bldg
NUVOCO,Cement-Bldg
BIRLACORPN,Cement-Bldg
STARCEMENT,Cement-Bldg
HEIDELBERG,Cement-Bldg
KAJARIACER,Cement-Bldg
CERA,Cement-Bldg
ASTRAL,Cement-Bldg
SUPREMEIND,Cement-Bldg
FINPIPE,Cement-Bldg
PRINCEPIPE,Cement-Bldg
CENTURYPLY,Cement-Bldg
GREENPANEL,Cement-Bldg
ASIANPAINT,Cement-Bldg
BERGEPAINT,Cement-Bldg
VOLTAS,Durables-Retail
BLUESTARCO,Durables-Retail
CROMPTON,Durables-Retail
WHIRLPOOL,Durables-Retail
DIXON,Durables-Retail
AMBER,Durables-Retail
KAYNES,Durables-Retail
SYRMA,Durables-Retail
PGEL,Durables-Retail
VGUARD,Durables-Retail
TITAN,Durables-Retail
KALYANKJIL,Durables-Retail
SENCO,Durables-Retail
TRENT,Durables-Retail
ABFRL,Durables-Retail
MANYAVAR,Durables-Retail
SHOPERSTOP,Durables-Retail
NYKAA,Durables-Retail
PAYTM,Durables-Retail
POLICYBZR,Durables-Retail
