symbol,price,roc_pct,vol_surge,score,market_cap_cr
PTC,151.72,-1.28,1.59,16.72,4491.0
SPANDANA,218.19,-6.2,1.7,16.68,1935.0
RPOWER,20.32,-6.96,1.69,15.77,8408.0
VARDHACRLC,43.72,-0.68,1.23,6.56,
RITES,200.74,-4.77,1.29,5.27,9646.0
RTNINDIA,25.78,-6.63,1.3,4.44,3566.0
TRIDENT,22.31,-5.43,1.15,0.58,11369.0
ASHOKA,104.03,-8.41,1.1,-2.94,2921.0
GPIL,214.31,-15.03,1.16,-5.7,14397.0
SOUTHBANK,47.47,3.02,0.71,-6.53,12416.0
IRCON,106.66,-7.42,0.87,-9.07,10028.0
MOIL,236.4,-6.17,0.83,-9.55,4808.0
NFL,63.76,-8.19,0.85,-10.1,3131.0
TEXRAIL,114.74,-2.57,0.72,-10.19,4668.0
AUSOMENT,141.68,-8.11,0.85,-10.25,190.0
PSB,21.06,-6.81,0.76,-11.91,
UGROCAP,81.28,-2.59,0.65,-12.37,1261.0
GSFC,149.73,-6.64,0.71,-13.38,5969.0
IRFC,76.15,-6.08,0.7,-13.4,
ZEEL,70.12,-13.38,0.82,-14.65,6736.0
NETWORK18,25.7,-4.21,0.6,-14.81,3955.0
JMFINANCIL,124.92,-1.82,0.54,-15.11,11936.0
KNRCON,115.72,-6.44,0.61,-16.28,3262.0
RCF,107.58,-4.43,0.55,-16.71,5943.0
NCC,126.88,-11.37,0.67,-17.95,7967.0
MADRASFERT,58.89,-8.51,0.59,-18.27,
PATELENG,25.74,-4.21,0.48,-18.53,2553.0
PURVA,209.68,-3.04,0.4,-20.15,4986.0
EDELWEISS,133.8,-2.15,0.32,-21.78,12658.0
TTML,34.01,-5.29,0.36,-22.89,6660.0
JPPOWER,14.86,-8.44,0.39,-24.14,10171.0
IVC,7.95,-20.26,0.64,-24.92,250.0
APTUS,219.46,-12.98,0.47,-25.03,10991.0
CSLFINANCE,206.94,-14.98,0.36,-29.56,
PNCINFRA,136.93,-23.5,0.27,-38.22,3514.0
