symbol,levels,resistances,avg_vol_20d
360ONE.NS,1063.30,1093.30;1123.50;1132.00;1134.60;1134.90;1152.00;1154.00;1165.10;1170.00;1191.50;1197.00;1219.80;1222.90,781283.65
3MINDIA.NS,30960.00;34635.00,32060.00;33330.00;33895.00;34275.00;34295.00;34545.00;34840.00;35500.00;36030.00;36660.00;36880.00;37300.00,3567.05
AADHARHFC.NS,484.07;450.67;498.60;461.05,476.00;481.15;486.40;488.00;500.70;506.70;510.45;517.80;523.00;524.45;524.50;542.00;563.00,325717.6
AARTIIND.NS,472.27,501.00;501.40;504.90;510.90;511.95;516.95;523.10;541.70;551.75,772431.55
AAVAS.NS,1348.54;1240.90,1318.00;1416.70;1444.50;1453.20;1468.00;1494.90;1534.90;1540.80;1544.90,132432.15
ABBOTINDIA.NS,25622.86;25175.00;27307.50,26150.00;26365.00;26490.00;26745.00;26770.00;27000.00;28280.00;28635.00;28940.00,7572.8
ABCAPITAL.NS,337.23;384.48,350.75;354.35;363.35;366.30;369.80;375.95;399.35;407.40;410.70;411.40;416.45;430.70,2689110.2
ABDL.NS,610.23;583.90,555.35;564.80;588.00;589.60;600.00;628.80;638.00;643.90;652.60;655.00;711.70,327612.8
ABFRL.NS,57.94;61.39;50.20,55.11;55.28;62.20;62.56;63.84;64.10;66.41;66.60;69.00;69.09,4103633.35
ABLBL.NS,96.78;100.55;94.66;92.56,87.00;87.40;97.40;99.68;100.04;102.54;102.69;102.80;104.74;109.55;110.76;119.55,572843.1
ABREL.NS,1373.12;1327.15,1278.80;1327.90;1367.30;1400.90;1449.00;1452.00;1465.00;1470.00;1471.20;1475.00;1486.00;1570.10;1598.00,196946.25
ABSLAMC.NS,1003.59;983.12;1119.05,1029.30;1045.00;1047.10;1062.00;1082.25;1089.50;1099.25;1123.50;1167.30;1179.70;1203.60;1224.90,218909.35
ACC.NS,1371.10;1405.90;1331.50;1296.50,1289.30;1338.10;1367.60;1374.30;1395.70;1398.80;1405.00;1413.90;1433.50;1451.00;1459.60,113035.3
ACE.NS,850.72;960.73;1068.05,926.25;954.80;966.75;1018.70;1037.90;1047.00;1081.80;1087.50;1149.00;1189.00;1196.00,374687.8
ACMESOLAR.NS,267.18;362.20,307.40;314.40;316.90;364.80;391.05;398.15;398.65;411.50;430.50,2384401.35
ACUTAAS.NS,3355.80;3100.60,2443.00;2468.40;2849.90;3188.10;3328.00;3384.00;3399.80;3444.30;3700.00;3740.00,299418.3
AEGISLOG.NS,1172.20;1227.15,731.00;741.10;754.00;767.50;792.30;1423.50;1434.50;1449.00;1497.80,954268.3
AEGISVOPAK.NS,184.64;262.68,202.58;206.02;213.70;221.00;249.43;280.00;282.80;298.70;299.50;305.07;306.55;311.49,1138372.15
AFCONS.NS,310.57;280.43,287.95;292.00;297.40;313.70;324.90;342.50;346.50;356.45;359.05;366.00,2370413.2
AFFLE.NS,1392.93;1420.53,1460.00;1475.90;1477.50;1518.40;1519.80;1535.00;1544.00;1590.00;1647.70;1669.60;1686.00;1720.10;1748.20,362059.6
AIAENG.NS,4482.75,4049.90;4110.00;4320.00;4535.80;4775.00;4885.90;4912.50;5060.00;5180.00,45488.25
AIIL.NS,505.82;498.77;526.12,514.00;514.40;522.45;534.20;534.65;573.80;579.00;581.60;584.85;607.70,694741.0
AJANTPHARM.NS,2745.05;3277.90,2934.00;3115.00;3178.90;3314.90;3506.90;3550.00;3598.80;3609.00;3666.00;3796.00,69287.35
ALKEM.NS,5177.00;5392.25;5509.25,5406.50;5470.00;5510.00;5511.00;5638.50;5639.00;5673.00;5700.00;5735.00;5735.50;5789.00;5882.50,119761.3
AMBER.NS,6944.50;7355.40;7157.50,7408.00;7557.00;7567.00;7794.00;7809.50;7884.00;8076.00;8095.00;8218.00;8277.50;8974.00,230522.55
ANANDRATHI.NS,1753.75;1712.97;2040.65;2148.20,1809.50;1821.30;1839.90;1849.50;1867.50;1953.60;2114.90;2120.00;2121.20;2176.20;2209.20;2230.00;2235.00;2242.00,196442.0
ANANTRAJ.NS,464.57;512.82;573.67,517.65;526.05;538.80;548.15;564.85;591.25;598.80;627.75;641.70;646.40;649.00,2797600.85
ANGELONE.NS,289.97;320.57;327.32;282.80,305.05;305.45;308.35;323.40;330.23;334.95;349.50;351.00;355.30;356.75;360.45,6241359.05
ANTHEM.NS,752.49;734.08,749.40;767.10;777.00;783.40;785.90;788.85;807.25;814.80;825.65;847.00;899.90;904.00;942.60;977.55,837502.75
ANURAS.NS,1273.35;1342.00;1198.83;1252.00,1224.00;1266.30;1270.80;1273.90;1286.90;1287.00;1294.50;1299.90;1313.90;1368.70;1384.00;1390.00;1396.00;1415.00,268326.0
APARINDS.NS,13297.00,12327.50;12850.00;13024.00;13580.00;14265.00;14685.00;17157.00;17525.00;18075.00;18132.00;18465.00,113656.6
APLAPOLLO.NS,1824.25;1743.27;1786.10;2128.10,1838.70;1842.00;1854.70;1878.50;1943.40;2011.70;2173.00;2278.40;2281.00,650968.25
APOLLOTYRE.NS,400.55;422.14;378.92;410.70,399.00;406.00;418.85;428.75;439.40;439.45;443.90;446.00;449.25;451.00;452.00;461.60;467.40,837933.6
APTUS.NS,253.73;248.55;275.68,261.70;261.80;261.96;267.90;268.80;268.95;274.20;277.95;288.40;293.90;295.00;309.00,1255918.4
ARE&M.NS,793.42;824.85,874.60;877.50;909.90;924.50;929.80;936.50;957.00;1017.30,368671.1
ASAHIINDIA.NS,827.15;870.05,857.35;869.80;879.90;887.20;899.00;905.00;917.00;932.80;940.10;950.35;968.10;974.00,186599.4
ASHOKLEY.NS,148.88;170.67,160.89;162.20;165.70;165.80;167.55;172.80;179.09;181.39;181.84;182.70,11447995.15
ASTERDM.NS,764.31;744.02,692.75;724.50;770.00;775.50;776.55;795.65;801.95;823.95;834.00;836.50;839.40;891.30,5830099.35
ASTRAL.NS,1514.70;1422.77;1484.23;1320.30,1411.80;1504.40;1564.40;1581.00;1583.30;1588.00;1597.80;1600.00;1601.00;1614.80;1661.50,1107264.55
ATGL.NS,695.65;647.58,624.40;649.50;657.75;673.80;677.85;684.90;687.90;742.30;746.40;750.00;770.00;859.85,965777.2
ATHERENERG.NS,869.45,948.00;971.15;982.35;989.40;1069.00;1176.20;1345.00;1580.00;1673.50;1744.00,5033163.5
ATUL.NS,6778.17;6508.00;6394.00,6602.00;6642.50;6659.50;6829.00;6894.00;6900.00;6990.00;7007.00;7029.50;7140.00;7170.00;7180.00,27146.45
AUBANK.NS,1000.00;949.16,1025.00;1052.30;1056.00;1068.80;1079.20;1079.55;1079.90;1090.40;1101.10;1105.90;1144.10,1381989.85
AUROPHARMA.NS,1419.50;1538.90;1610.70,1363.00;1459.50;1481.00;1496.50;1513.40;1550.00;1584.80;1607.50;1636.80;1682.40;1704.00;1717.00,741720.2
AWL.NS,194.01;185.47;179.89,187.49;192.53;194.70;198.60;198.95;199.90;201.50;204.82;211.03;216.01,3269744.5
BAJAJHFL.NS,82.62;85.82,84.98;85.51;85.79;86.39;86.82;87.45;87.95;88.40;89.20;91.38;92.05;93.00;94.00,2754159.05
BALKRISIND.NS,2136.63;1976.05,2209.10;2236.00;2248.90;2268.70;2276.00;2287.00;2300.00;2351.50;2365.00;2385.00;2394.60;2554.50;2558.00,751838.7
BALRAMCHIN.NS,511.05;524.73;637.70,536.40;537.00;552.70;559.90;561.90;563.40;570.00;604.90;641.95;659.15;665.50;738.95;742.00;780.95,7680252.65
BANDHANBNK.NS,169.48;194.17,177.20;178.33;180.74;211.80;212.48;212.66;214.22;218.13;220.76,8082553.75
BANKINDIA.NS,140.47;136.29;134.31,146.09;146.15;146.25;146.40;147.11;147.49;147.90;149.33;151.00;154.34,5184586.35
BATAINDIA.NS,672.50;652.45;694.08,689.25;704.20;708.00;708.80;709.90;715.05;717.50;735.50;747.50;767.95;779.00;803.30,146469.85
BAYERCROP.NS,4180.13;4035.55,4105.00;4297.10;4313.50;4315.00;4355.00;4555.00;4686.80;4832.80;5063.00,16679.95
BBTC.NS,1438.46;1477.65;1520.15,1552.00;1556.00;1558.00;1559.70;1564.80;1567.20;1610.80;1623.90;1639.00,797678.15
BDL.NS,1336.65;1236.47,1243.70;1277.90;1285.70;1293.00;1348.00;1393.70;1427.70;1433.10;1440.50;1450.70;1481.20,1260336.95
BELRISE.NS,209.96;203.70;225.25,222.75;223.50;226.30;228.80;236.50;237.70;239.25;239.70;252.00;268.20,3025132.25
BEML.NS,1770.30;1698.54,1798.00;1799.20;1818.00;1819.10;1874.00;1881.00;1884.00;1890.00;1910.00;1954.80;1984.00;2037.10;2205.00,421308.55
BERGEPAINT.NS,481.47;491.42;505.62,490.00;513.35;529.00;530.00;538.15;540.35;557.30;559.70;565.90,265017.9
BHARATFORG.NS,1827.30;1873.75;2062.28;2134.75,1925.00;1949.90;1988.50;2044.00;2104.90;2159.90;2176.10;2223.20;2232.50;2238.00;2295.00,847490.05
BHARTIHEXA.NS,1482.00;1436.67;1573.10,1508.80;1523.70;1543.00;1578.50;1585.90;1616.90;1623.00;1647.20;1647.30;1662.20;1678.10,69432.25
BHEL.NS,369.70;394.68,408.90;417.90;422.40;423.70;424.90;435.95;439.20;442.65;446.50,5944521.05
BIKAJI.NS,624.82;634.93;602.12,635.90;648.35;648.60;651.65;660.45;666.00;670.60;682.00;684.00;689.00;696.60;708.75,183971.45
BIOCON.NS,337.85;423.15;407.88,364.80;368.20;421.60;423.55;431.75;432.15;436.90;439.95;440.40;442.50;447.15,2721448.35
BLS.NS,274.24;244.38;232.48,244.07;246.50;275.90;276.00;276.80;280.14;282.70;286.95;295.20;305.75;309.00,2763820.8
BLUEDART.NS,4807.03;5003.25,4949.50;4960.00;5035.20;5050.00;5079.50;5159.50;5277.00;5280.00;5520.00;5579.70;5745.00;5775.50,8034.35
BLUEJET.NS,564.98,430.10;459.00;481.40;501.60;521.55;547.60;599.90;612.95;615.60;630.00;647.80,410013.3
BLUESTARCO.NS,1581.77;1432.40,1535.40;1565.10;1652.80;1710.60;1717.70;1737.60;1763.20;1825.80;1921.00;1928.90,477945.7
BRIGADE.NS,517.67;574.54;478.76;494.90,545.50;553.65;572.00;578.00;595.95;602.66;610.50;612.00;619.45;671.00;735.00,790129.0
BSE.NS,3426.27;3208.10,3410.00;3412.00;3474.00;3570.00;3628.00;3671.40;3867.50;3971.60;3994.00;4121.00;4219.90;4298.90;4446.80,4246197.4
BSOFT.NS,306.65;276.12,303.95;304.60;314.00;331.00;331.80;337.25;356.80;381.95;383.00;399.85,1215074.6
CAMS.NS,717.75;757.72;743.45,778.00;778.05;785.40;786.40;792.50;795.40;807.45;812.00;830.50;836.00;844.90,1286742.65
CANFINHOME.NS,801.80;822.88,815.00;831.90;838.95;841.55;852.35;854.90;898.75;910.00;917.00;927.00;940.85;943.90,236070.15
CANHLIFE.NS,140.18;132.89;145.88,141.74;142.38;144.15;145.00;146.56;149.00;149.69;152.50;152.69;154.80;158.80;161.05;162.90;166.69,1167190.3
CAPLIPOINT.NS,2498.70;2447.60,1785.00;1799.80;1885.00;2060.00;2099.00;2447.30;2590.00;2600.00;2672.10;2675.00;2699.00;2877.30,254230.45
CARBORUNIV.NS,991.65;1005.20;1045.96;1074.95,920.95;959.00;1076.30;1082.00;1110.00;1121.00;1134.90;1151.00;1166.40;1196.00;1207.00;1208.10;1306.90,210137.5
CARTRADE.NS,2695.97,1889.00;1895.10;2115.00;2494.90;2740.00;2742.00;2868.00;2870.00;2886.00;3079.00;3081.50;3225.70;3254.00,392042.0
CASTROLIND.NS,181.68;184.84,182.30;185.49;185.76;186.00;188.20;188.30;188.70;188.95;190.90;191.80;195.00,1819541.9
CCL.NS,1044.87;1073.27;1108.10,1122.50;1126.90;1134.00;1137.00;1146.50;1149.90;1183.10;1213.70;1215.00;1217.50;1223.80;1224.00;1228.70;1236.20;1242.20,153783.6
CDSL.NS,1190.85;1303.40;1320.75,1234.30;1235.10;1269.30;1291.00;1345.50;1361.30;1362.00;1365.90;1396.80;1401.10;1417.90;1445.00;1453.10,1306107.55
CEATLTD.NS,3127.37,3260.40;3289.50;3369.70;3550.00;3633.80;3824.80;3879.00;3949.90;3986.00,48888.15
CEMPRO.NS,1205.60,691.95;938.00;982.80;1089.90;1257.40;1291.60;1296.00;1355.00;1363.70;1597.40;1647.30;1649.20,249645.3
CENTRALBK.NS,35.51;30.96,31.18;31.23;31.57;31.66;31.73;33.18;33.30;34.24;34.44;34.48;37.04;37.09;37.33,5551947.75
CESC.NS,174.37;164.00;159.46,153.42;167.45;169.10;171.55;172.00;173.98;177.25;182.00;182.97;188.70;204.50,1746007.6
CGCL.NS,181.67;198.00;215.53,189.02;191.56;204.90;208.40;225.99;243.87;258.90;263.56;264.53;287.45,7882852.7
CHALET.NS,741.37;807.92;785.98,798.00;809.50;810.00;820.05;835.00;850.00;858.00;869.00;874.90;907.35;939.95,227652.75
CHAMBLFERT.NS,439.39;423.55,423.15;423.60;446.90;446.95;457.00;459.00;460.15;461.00;466.15;473.80;482.70;483.00;497.80,611634.4
CHENNPETRO.NS,1105.07;1086.05,1103.00;1159.70;1172.90;1225.00;1249.00;1279.70;1351.00;1354.00;1449.00;1489.70;1677.50,1748825.55
CHOICEIN.NS,650.80;794.25,696.00;702.00;736.00;819.00;846.00;854.30,354289.15
CHOLAHLDNG.NS,1519.95;1575.55;1399.10;1491.55,1642.70;1658.00;1658.90;1672.00;1675.90;1721.40;1809.90,106767.25
CIEINDIA.NS,449.58;403.72,422.00;423.00;460.00;471.90;473.50;476.40;481.00;483.50;489.25;502.95;504.00,233899.5
CLEAN.NS,736.48;715.80;815.52,770.00;789.30;799.80;809.00;817.35;817.60;838.95;842.90;848.90;854.40;874.80;899.50,349640.55
COCHINSHIP.NS,1457.60;1411.50;1369.10,1422.80;1485.40;1523.60;1536.90;1551.00;1557.00;1571.80;1577.90;1780.00;1842.80,1101566.55
COFORGE.NS,1141.70;1394.40;1359.20;1428.90;1771.45,1229.90;1334.90;1387.80;1447.00;1523.60;1554.00;1569.00;1836.40;2021.20,2657646.3
COHANCE.NS,417.57;440.93,380.20;406.50;442.35;444.30;444.75;448.00;456.30;470.00;473.70;474.70;476.50;484.00;486.30;505.00;514.90,1221458.8
COLPAL.NS,2061.30;2100.80;1973.35;1792.90,1897.60;2086.60;2108.90;2126.40;2136.50;2190.10;2205.90;2213.40;2223.70,404909.9
CONCOR.NS,495.84;511.57;467.70,484.65;491.05;500.00;513.50;520.75;521.95;524.25;531.70;537.00;543.70,1095201.75
CONCORDBIO.NS,1024.80;1247.97,1094.20;1113.60;1180.00;1234.20;1273.00;1314.50;1365.60;1407.90;1469.60;1471.90;1615.00,176493.9
COROMANDEL.NS,1955.35;1794.90;1713.35;1893.43;1995.40,1915.50;1980.00;2032.00;2036.20;2064.90;2081.00;2085.80;2102.90;2112.50;2129.90;2197.90,128575.95
CPPLUS.NS,3256.67;3393.80,2365.00;2389.90;2563.90;2575.00;3566.00;3685.00;3714.40;3740.00;3758.20;3787.00;3866.00;4094.00,243346.2
CRAFTSMAN.NS,9158.50;9000.50;10251.67,7800.00;7933.00;8919.00;9259.00;9300.00;9420.00;9528.00;9535.00;9738.00;9938.00;10762.00;10960.00;11500.00;11999.00,54131.8
CREDITACC.NS,1222.05;1351.35;1460.30,1288.00;1298.00;1326.60;1332.70;1442.00;1468.00;1483.60;1540.90;1552.00;1566.90;1568.00;1608.10;1634.00,247341.15
CRISIL.NS,4419.10;4637.55,4077.00;4219.50;4250.00;4463.90;4540.00;4559.30;4662.00;4872.00,54363.95
CROMPTON.NS,250.03;241.27,248.80;259.00;266.94;266.95;271.00;280.00;280.89;281.50;299.15;299.90;310.50,4062638.85
CUB.NS,194.78;180.51;218.21,193.95;196.89;206.25;208.50;211.88;218.60;220.13;225.85;231.82;234.40;245.38;248.85,2575913.8
CYIENT.NS,843.42;856.32;817.73,872.40;879.45;879.70;885.00;899.90;904.95;912.80;927.60;931.50;932.00;989.50;1219.00,1733575.75
DABUR.NS,420.28;439.70,431.45;438.00;438.75;455.00;455.75;456.00;465.00;490.50,2062061.6
DALBHARAT.NS,1677.22;1787.05,1744.50;1765.30;1804.00;1844.40;1859.80;1887.70;1913.00;1925.00;2004.40;2007.60,274953.0
DATAPATTNS.NS,3895.65;4397.95,4189.90;4249.00;4250.00;4295.00;4303.00;4625.00;4712.40;4722.00;4831.70;4955.90;4999.90;5000.00,866781.4
DCMSHRIRAM.NS,1083.45;988.90;1006.30,1052.50;1065.00;1066.80;1070.00;1070.30;1085.60;1119.50;1128.70;1167.40;1187.50;1224.80;1262.70;1325.00,104815.4
DEEPAKFERT.NS,1208.25;1440.80,1292.50;1364.40;1474.60;1503.40;1508.00;1528.50;1592.90;1625.00;1642.00;1668.00;1680.00;1681.00,237760.9
DEEPAKNTR.NS,1684.35;1712.60;1635.60;1609.00;1542.00,1692.30;1704.90;1764.00;1780.00;1800.90;1809.30;1820.00;1851.00;1897.90,332285.05
DELHIVERY.NS,444.13;429.20;455.32,448.65;465.90;469.40;471.95;474.95;478.40;483.50;486.75;487.50;491.40;491.70;523.00;524.00,1755428.7
DEVYANI.NS,106.37;112.65;110.24,112.46;115.64;117.80;118.39;119.88;121.00;121.38;124.00;129.97;142.86;145.00;155.95,2858792.05
DIXON.NS,11750.50;13603.33,11360.00;11440.00;11595.00;11674.00;11925.00;12930.00;14030.00;14445.00;14589.00;14685.00;15000.00,370568.75
DOMS.NS,2183.00;2223.17,2239.60;2279.90;2291.40;2324.70;2355.00;2369.40;2381.80;2383.90;2403.00;2429.00;2435.00,39447.75
ECLERX.NS,1439.10;1320.50;1734.00,1472.00;1572.90;1617.60;1621.00;1667.80;1714.00;1925.40;1994.60;2025.00;2062.00,223232.8
EIDPARRY.NS,755.01;701.48,749.65;775.15;784.00;788.75;803.50;824.85;828.00;865.40;865.50;876.00;913.90,794901.9
EIHOTEL.NS,318.93;282.82,307.50;307.95;330.65;333.30;333.40;334.20;337.05;337.90;341.75;342.00;352.75,250114.6
ELECON.NS,403.35;470.93;513.67,435.50;448.15;452.00;457.00;459.30;524.45;550.00;553.85;576.00;579.00,656325.35
ELGIEQUIP.NS,597.77;566.80,567.90;571.80;574.70;574.95;599.70;607.00;618.70;628.45;631.70;633.85;644.00;645.90,542383.2
EMAMILTD.NS,443.80;393.78,377.65;404.80;413.00;413.50;416.20;418.80;419.60;428.75;435.00;438.00;477.00,1681383.35
EMCURE.NS,1673.00;1840.17,1688.00;1757.90;1818.00;1830.00;1863.40;1940.00;1944.00;2048.00,128011.85
EMMVEE.NS,324.40;314.46,284.90;288.00;299.50;334.70;337.90;339.60;341.40;344.70;352.00;369.80;371.55,1923325.8
ENDURANCE.NS,2314.07;2471.05;2554.80,2470.80;2477.00;2674.00;2693.00;2745.00;2765.00;2789.00;2799.00;2811.50;2823.00;3043.00;3072.00,117858.35
ENGINERSIN.NS,236.89;233.78;220.16,229.95;241.00;243.85;246.66;253.40;257.30;258.55;264.60;265.00;267.00;289.65,5731650.95
ERIS.NS,1321.72;1347.50;1386.57,1349.90;1362.00;1410.00;1413.00;1419.50;1441.90;1465.00;1478.00;1488.00;1499.00;1530.00,55034.7
ESCORTS.NS,3195.25;2899.10;2703.90;3042.40,2832.40;2903.70;2997.80;3014.70;3022.00;3030.00;3036.00;3037.00;3042.70;3105.00;3138.00;3158.50;3173.10;3377.90;3382.00;3408.00,60844.6
EXIDEIND.NS,339.18;379.03,360.45;379.90;399.45;409.80;410.50;431.00;452.80;457.90;461.40;496.40,2180935.65
FACT.NS,886.62;847.91,823.30;851.40;888.40;892.00;897.00;910.95;920.00;929.00;933.90;938.40;951.70;1058.60,1953493.5
FEDERALBNK.NS,281.73;321.53;350.81;340.40,298.45;299.05;301.70;327.00;334.30;336.50;347.05;356.95;364.20;371.70,4845273.4
FINCABLES.NS,965.61,1060.00;1065.00;1076.00;1172.80;1184.80;1193.30;1203.90;1315.00;1339.30;1374.00;1498.00,1141090.15
FIRSTCRY.NS,211.68;203.61,183.00;216.60;217.95;222.30;222.50;234.00;235.02;237.95;245.00;246.40;269.40;269.63,4583637.8
FIVESTAR.NS,477.52;442.25;414.45;530.58,448.00;469.30;527.85;527.95;540.00;558.80;562.90;565.00;573.60;575.60,600443.65
FLUOROCHEM.NS,3226.20;3552.60;3822.30;4373.20,3399.00;3412.10;3702.00;3874.90;3878.00;3920.50;3948.00;4038.00;4649.00;4653.20;4829.90;4958.90,149654.2
FORCEMOT.NS,18807.50;17017.33;17698.25,18069.00;18724.00;18860.00;18886.00;18971.00;19200.00;19448.00;19604.00;20850.00;21100.00;21180.00;21460.00;23221.00,70124.1
FORTIS.NS,903.68;942.52,861.20;941.90;964.50;978.70;979.60;982.95;987.45;988.25;992.70;996.55;1010.10,946029.8
FSL.NS,226.15;260.03;234.65,234.40;249.30;250.77;254.68;272.00;273.85;274.01;274.80;278.70;280.85;282.05;341.90,2493701.65
GABRIEL.NS,971.30;1325.60,1048.70;1149.80;1154.00;1285.00;1292.30;1467.90;1519.90;1600.00,272400.1
GALLANTT.NS,821.48;649.57,597.45;599.00;644.00;709.80;712.00;715.00;727.00;749.00;895.55;904.25;938.00;948.00,62347.3
GESHIP.NS,1326.25;1403.80;1353.20,1380.00;1426.90;1449.00;1459.00;1477.30;1502.20;1536.00;1598.90;1600.00;1618.90;1798.00,892370.75
GICRE.NS,391.52;379.10;345.71;355.63,361.30;361.80;363.10;364.50;370.75;375.20;394.00;394.80;402.00;414.00;417.95,1108533.65
GILLETTE.NS,7635.83;7264.00,7460.00;7564.00;7776.00;7798.00;7945.00;7971.00;8014.50;8100.00;8195.00;8277.00;8433.50,14354.5
GLAND.NS,1698.10;2181.90;2789.55,1832.00;1953.70;2356.50;2395.00;2396.00;2528.30;2564.80;2573.50;2634.30;3039.80;3042.00,578598.5
GLAXO.NS,2343.53,2216.00;2404.80;2468.80;2504.70;2520.00;2527.00;2529.90;2684.00;3001.30;3054.90;3120.70,186526.15
GLENMARK.NS,2127.08;2207.95;2244.50;2158.60,2234.90;2252.50;2270.20;2274.90;2326.10;2341.60;2400.70;2427.00;2440.00;2474.00;2492.00;2537.60,470066.85
GMDCLTD.NS,587.90;575.75;552.64,579.70;586.55;601.00;617.15;621.40;631.90;708.20;754.30;771.90,1002171.65
GMRAIRPORT.NS,92.17;94.02;98.55;105.96;109.75,96.50;98.50;98.73;100.00;101.79;104.00;104.14;107.89;111.15;112.40;114.65;114.99;115.64,12032096.05
GODFRYPHLP.NS,2074.88;2175.05,2163.90;2172.00;2248.20;2267.00;2297.80;2319.00;2336.90;2348.40;2410.00;2484.70;2491.70,183635.8
GODIGIT.NS,315.80;301.20;293.90;250.38,261.45;265.10;265.55;288.80;290.90;304.90;316.00;316.95;320.90;322.95;326.95;327.80;332.95;333.90;334.00,178690.3
GODREJIND.NS,,935.00;1043.40;1199.95;1215.90;1220.00;1250.00;1260.65;1352.90;1372.90;1398.80;1443.00,137234.85
GODREJPROP.NS,1642.65;1975.07,1739.00;1834.80;1849.00;1951.90;2056.70;2057.00;2095.00;2143.90;2168.30;2168.90;2180.00,683701.15
GPIL.NS,279.30;273.15;238.90;229.43,248.05;251.89;253.00;255.00;256.00;257.10;278.45;284.00;292.50;296.00;309.75;310.50;312.75;320.00,1402120.4
GRANULES.NS,820.81,650.00;730.80;761.40;773.20;797.90;803.90;804.30;868.20;868.80;882.00;883.00;910.00,1289280.1
GRAPHITE.NS,619.32;697.33,645.00;658.00;665.90;687.50;744.80;748.50;755.50;757.00;760.00;764.70;772.90;802.40;874.35,3605877.1
GRAVITA.NS,1557.70;1604.32,1659.90;1709.90;1724.00;1748.20;1784.60;1838.90;1844.70;1846.30;1858.50;1870.00,166138.7
GROWW.NS,192.16;181.28;184.68;189.18,193.68;198.04;205.21;208.17;208.49;220.98;224.40;227.20,52202801.0
GRSE.NS,2549.03;2479.35,2568.90;2641.00;2644.50;2665.00;2677.10;2706.00;2723.70;2751.90;2809.70;2934.70;3130.00;3339.00,343256.3
GVT&D.NS,4366.50;4207.15;4038.00,4452.00;4539.00;4549.00;4602.90;4694.00;4730.00;4738.80;4825.00;4849.00;4962.40;5148.50;5222.10;5650.00,987294.6
HAVELLS.NS,1231.00;1168.95;1129.80,1196.00;1200.90;1209.10;1218.20;1219.40;1234.00;1276.70;1290.30;1299.10;1301.50;1315.00;1410.70,810403.4
HBLENGINE.NS,783.82;735.42,727.05;745.00;772.80;811.90;829.85;832.50;836.00;844.90;875.00,1927072.85
HDBFS.NS,654.15;671.78,638.25;680.70;683.95;694.10;697.00;699.20;705.00;712.10;723.95;759.80;786.55,773480.7
HEG.NS,579.12;508.33,552.00;552.90;616.00;637.50;675.90;685.70;690.00;698.00;749.00;753.90,1674186.9
HEROMOTOCO.NS,5148.25;4918.38;4753.85,4980.00;5024.00;5044.00;5073.40;5140.00;5198.30;5458.50;5484.50;5659.00;5937.00,526989.55
HEXT.NS,470.98;495.47;531.10;550.65,506.00;507.00;520.70;552.50;563.75;565.85;578.00;578.90;584.50;622.80,438163.55
HFCL.NS,202.33,155.30;208.98;219.96;220.09;228.00;229.40;229.50;230.95;255.16;256.70,11396051.05
HINDCOPPER.NS,511.37;528.12;484.27;472.50,500.80;511.80;512.00;532.20;545.00;568.45;572.35;586.75;618.10,14217918.95
HINDPETRO.NS,340.45;368.72;357.43;388.03,367.65;381.70;388.00;401.05;401.65;404.25;407.10;409.00;409.95;410.50;412.55;420.00,3845474.1
HOMEFIRST.NS,1128.23;1048.50;1155.18,1087.00;1134.10;1187.00;1199.60;1220.00;1226.30;1227.90;1238.90;1241.20;1248.10;1284.90;1289.60,168890.1
HONASA.NS,338.92;397.15;439.75;462.65,353.00;353.55;359.75;362.80;364.70;422.40;424.90;438.35;491.35;492.60;493.50;509.80,862968.25
HONAUT.NS,37260.00,32880.00;33100.00;36500.00;36550.00;37190.00;39800.00;40480.00;41495.00,2773.1
HSCL.NS,632.95;735.60;650.05,478.05;625.00;632.50;654.45;684.55;687.00;693.30;693.90;707.45;718.00;794.50;819.50,6163810.45
HUDCO.NS,198.38;204.75,189.58;205.00;205.15;209.80;212.41;217.85;218.00;235.50,1583412.55
ICICIAMC.NS,3255.05;3161.27;3045.12,3152.00;3287.70;3289.30;3313.50;3329.50;3428.30;3430.00;3568.00;3597.50;3611.00,631163.0
ICICIGI.NS,1729.23;1765.40;1612.80,1650.00;1708.40;1771.00;1802.40;1837.90;1856.80;1862.80;1887.50;1893.50;1908.90,900071.05
ICICIPRULI.NS,490.97;475.95;457.40,490.40;500.45;512.00;522.35;523.90;525.75;529.30;531.95;572.00;584.75,1165698.3
IDBI.NS,71.36;80.92;83.13,75.10;75.75;76.19;76.21;77.25;79.90;86.23;87.44;89.94;92.25;96.25,20619444.3
IDEA.NS,13.81;12.68,9.73;14.31;14.33;14.85;15.16;15.25;15.34;15.37;15.79,403957723.15
IDFCFIRSTB.NS,66.43;77.41;78.83;83.27,68.80;71.15;71.45;73.08;79.09;81.46;81.77;82.70;86.50;86.67;86.94;87.40;88.10;88.76,14988964.5
IEX.NS,126.26;123.27;121.58;116.44,121.63;126.22;126.80;128.65;129.69;129.70;129.80;134.76;136.80;137.34,3387966.05
IFCI.NS,60.70;73.01,60.00;64.17;66.25;78.56;79.20;79.64;83.44;84.19;95.80;107.50,120007159.25
IGIL.NS,343.07;352.02;335.02,349.50;353.25;357.70;362.25;362.55;369.90;369.95;371.40;373.60;378.00;384.95;388.30,444120.4
IGL.NS,161.04;149.76;146.71,152.39;154.70;155.50;156.73;157.68;158.70;159.50;169.20;169.90;171.25;171.73;171.84;173.29;175.60,2419891.8
IIFL.NS,440.45;485.85;514.70;616.20,473.50;480.85;483.80;493.20;500.00;534.90;544.40;546.15;587.70;623.00;641.65;675.80;705.00,3479191.4
IKS.NS,1621.90;1678.25;1725.05,1557.00;1573.80;1698.00;1740.00;1758.00;1764.90;1849.00;1876.20;1907.40;1915.60;1933.00,127253.55
INDGN.NS,481.03;502.44,504.95;506.40;523.05;534.00;535.00;536.45;546.15;550.35;554.00;567.80;576.75;583.60;615.50,684581.25
INDIACEM.NS,387.18;373.90;365.54,379.50;387.00;391.35;399.15;401.05;401.70;410.50;416.40;417.00;469.90,87386.7
INDIAMART.NS,1958.05;1733.43,1775.00;1815.00;1825.00;1945.00;1978.90;2022.30;2047.00;2122.20;2130.20;2175.00;2199.00,77007.0
INDIANB.NS,811.15;863.40,841.30;849.90;853.95;867.85;874.90;875.00;878.00;884.95;903.80;905.00;906.70;1000.90,952901.45
INDUSINDBK.NS,875.60;993.48,840.85;928.00;940.20;950.55;953.50;957.90;1017.90;1022.00;1026.60;1038.00;1077.85,1312873.4
INDUSTOWER.NS,394.32;408.77;377.67;369.85,383.75;388.55;389.40;390.85;398.30;414.90;421.85;426.50;437.00;439.40;443.20;449.40,4397332.85
INOXWIND.NS,82.18;88.10,77.85;78.59;81.14;91.47;93.30;94.70;99.15;105.30;108.27,11377627.85
INTELLECT.NS,663.62;680.72;711.17;733.85,692.00;703.05;716.45;726.35;732.00;755.20;760.20;764.40;767.40;770.90;779.00;783.90;790.95;796.35;798.25;834.40,301388.05
IOB.NS,33.32;34.58;32.35,33.53;33.64;34.06;34.07;34.70;34.94;35.00;35.50;35.55;36.20;36.39;36.53,2059442.4
IPCALAB.NS,1512.53;1731.40,1590.00;1610.50;1618.70;1670.00;1678.30;1785.00;1808.00;1812.50;1944.90;1945.10;1992.00;1996.90;2001.50,218660.8
IRB.NS,21.43;19.77;20.90;19.16;18.80,20.04;20.60;21.04;21.52;21.78;21.96;21.99;22.09;22.27;22.53;23.95,15722095.2
IRCON.NS,149.29;130.67;122.49,128.00;133.82;134.55;137.47;139.15;142.90;144.57;156.66;159.45;159.68;164.40,1308022.7
IRCTC.NS,524.35;537.68;503.12;482.43,492.50;510.45;513.90;526.75;527.00;531.70;535.00;547.65;570.05;581.30,685863.9
IREDA.NS,117.93;124.23;112.90,114.75;121.14;121.83;123.90;125.67;130.60;132.39;133.19;135.50;137.45;142.85,3819203.3
ITCHOTELS.NS,149.43;156.83,157.00;159.80;164.50;166.45;167.50;167.79;170.25;173.00;184.20;188.00,1281360.35
ITI.NS,294.79;280.60;288.12;272.75,276.60;295.90;296.25;302.40;303.90;308.40;310.45;310.80;312.34;313.65;319.90;325.85,207957.35
J&KBANK.NS,125.21;146.61;143.40,135.00;135.68;145.00;152.80;153.87;164.30;167.15;182.29;192.00;201.75,1780684.8
JAINREC.NS,335.55;320.88,293.70;302.55;307.00;307.50;346.45;349.50;363.00;366.35;379.80;383.05;411.00;427.75;587.85;593.95,1162858.7
JBMA.NS,611.28;645.38,643.80;644.95;655.00;681.90;685.00;689.00;707.50;711.20;718.60;719.85;738.50,929440.4
JINDALSAW.NS,220.32;247.87,249.45;249.79;265.65;267.50;269.91;278.95;281.00;319.50;320.00,3477072.8
JKCEMENT.NS,5354.00;5225.00;5299.25;4951.00,5170.00;5310.00;5560.00;5566.00;5621.00;5628.00;5730.00;5740.00;5755.00;5760.00;5790.00;6020.00,34669.05
JKTYRE.NS,414.07;394.57;379.43;388.00,386.85;417.55;419.80;422.00;422.65;423.95;424.50;424.60;441.50,376151.3
JMFINANCIL.NS,132.96;125.36;114.75;121.96;118.25,127.48;130.60;131.65;132.39;133.23;133.50;136.30;136.90;138.61;143.82;147.20,2521333.95
JPPOWER.NS,18.60;17.10;17.62;16.69,17.14;17.47;18.25;18.40;18.88;18.90;19.28;20.38;20.62;21.05;24.50,31641791.1
JSL.NS,720.04;694.23,709.80;711.50;732.40;741.50;753.00;755.00;756.00;759.25;789.35;794.00;801.80,863657.85
JSWCEMENT.NS,122.78;119.67;129.04,126.36;128.28;136.40;136.90;137.83;138.50;142.50;143.40,983385.7
JSWDULUX.NS,2865.80;3065.30,2980.00;3033.40;3041.00;3049.00;3064.20;3070.00;3112.50;3195.00;3209.50;3214.00;3249.80;3329.90;3376.20,17822.25
JSWENERGY.NS,537.27;508.30,541.70;545.80;553.70;564.00;572.85;578.90;583.40;585.65;586.35;592.00;617.35,1955793.6
JSWINFRA.NS,265.62;310.95;330.20;324.40,282.40;284.75;288.73;295.80;335.25;343.45;348.00;351.50;355.00;355.80,2180896.9
JUBLFOOD.NS,411.63;419.15,434.00;438.70;457.40;464.80;478.00;498.75;521.00;527.85,1084791.55
JUBLINGREA.NS,659.33;698.45;715.38,638.15;657.00;659.90;701.05;748.80;750.75;752.50;764.70;769.50;769.70;795.00,267471.35
JUBLPHARMA.NS,913.55;963.22;951.70,928.15;959.35;989.95;995.00;995.40;997.50;999.75;1004.70;1030.00;1031.70;1042.00,392173.2
JWL.NS,257.75;278.78;262.83,253.95;263.30;268.95;270.00;272.35;280.80;286.00;286.50;294.24;295.93;308.50;308.60,624673.9
JYOTICNC.NS,742.33;773.83,719.60;777.70;782.85;787.25;795.10;827.00;845.00;874.75;1048.00;1058.85,1355156.0
KAJARIACER.NS,1052.97;1167.87;1188.67,1125.00;1125.60;1232.90;1238.40;1246.80;1252.00;1254.50;1271.50;1274.50;1275.00,180580.9
KALYANKJIL.NS,403.57;337.55;560.07;586.52,360.25;365.90;374.25;386.70;387.25;395.45;420.60;428.80;452.60;621.80;630.00;635.95;648.95,8537810.65
KARURVYSYA.NS,274.23;289.06;328.43,287.90;296.80;301.00;301.65;302.00;312.00;322.00;340.00;347.90;351.80;358.00;358.65,1563898.8
KAYNES.NS,3006.55;3091.10,3249.10;3386.00;3399.00;3418.10;3474.30;3478.40;3685.00;3963.20;4117.90;4476.20;4538.60,1025340.35
KEC.NS,553.78;463.15;482.68,417.90;441.40;487.80;509.50;511.30;516.70;551.00;594.00;616.95;617.00,1035368.05
KEI.NS,4751.90;4842.05;5087.25,4580.50;4996.90;5233.00;5245.00;5247.80;5398.00;5476.30;5708.00;5740.30;5899.00,629777.55
KFINTECH.NS,876.20;856.15;835.33;911.77,873.80;876.90;894.80;928.00;930.00;938.10;946.90;961.25;981.05;982.50;992.40;1006.00,848609.6
KIMS.NS,644.67;784.96,683.95;691.90;781.65;785.85;789.90;791.15;811.00;818.00;826.65;826.80;827.95;858.00,503108.25
KIRLOSENG.NS,2121.20;2011.55,1687.50;1765.00;1775.00;1990.80;2177.00;2298.00;2300.50;2317.10;2572.00;2720.00,425130.05
KPIL.NS,1236.78;1329.60;1276.15,1275.00;1282.40;1310.00;1322.70;1327.00;1329.00;1335.00;1350.90;1427.90;1452.70;1468.00;1479.60,160015.4
KPITTECH.NS,691.95;714.65;544.52;576.25,578.90;613.45;640.70;662.65;740.00;762.80;770.95;774.00;795.30;797.50;826.00,1418436.7
KPRMILL.NS,913.70;1018.97;1106.92,934.00;946.50;975.95;989.15;1123.00;1152.80;1167.50;1174.00;1197.90;1208.70;1231.00;1334.00,239390.25
LALPATHLAB.NS,1599.05;1658.55;1862.90,1469.00;1471.50;1640.60;1698.00;1698.60;1718.00;1719.90;1784.00;1803.00;1955.10;1963.00;1988.90,241449.05
LATENTVIEW.NS,286.32,284.60;292.00;302.80;314.80;314.90;320.70;322.10;323.65;324.80;335.40;340.85,627744.15
LAURUSLABS.NS,1349.65,1137.20;1144.85;1457.00;1531.20;1555.00;1579.10;1870.80;1949.00;1981.80,3541237.5
LEMONTREE.NS,108.12;115.78;104.10,107.32;110.50;112.90;113.90;115.68;117.24;121.45;121.98;122.65;122.90;128.38,2644927.3
LENSKART.NS,494.53,525.65;532.50;549.70;557.65;563.00;575.70;673.90;703.50,11890453.1
LGEINDIA.NS,1532.20;1481.63,1548.90;1555.70;1574.00;1582.00;1593.00;1609.90;1630.00;1661.60;1680.00;1705.20;1727.10;1755.00,547423.65
LICHSGFIN.NS,532.70;524.40,509.00;511.45;538.45;543.40;552.75;556.90;563.00;564.95;567.70;568.50;568.55;570.75;579.40;598.20,4053444.65
LICI.NS,402.30;388.49;420.80,407.85;407.88;413.30;417.00;419.60;428.15;428.17;428.55;428.90;431.30;440.00;447.60;450.20,7998198.35
LINDEINDIA.NS,6963.38;7153.25;6630.62,6490.50;6870.50;7179.00;7251.00;7319.50;7380.00;7439.00;7464.00;7485.00;7570.00;7638.00;8049.00,20485.4
LLOYDSME.NS,1698.77;1866.30,1790.00;1797.10;1814.00;1826.00;1846.00;1848.00;1859.40;1888.60;2100.00;2125.00,312503.85
LTF.NS,264.48;307.35;303.60,277.25;289.40;297.30;300.83;305.20;320.50;326.75;327.00;327.30;333.50;338.60,3493432.25
LTFOODS.NS,394.58;413.80;375.43;366.10,391.85;392.00;393.80;396.00;415.50;415.75;432.15;439.90;466.80;490.70,2725529.75
LTTS.NS,3384.50;3446.60;3284.00,3448.00;3490.00;3504.80;3596.60;3665.50;3667.90;3675.00;3680.00;3708.00;3723.20;3847.90,89792.05
LUPIN.NS,2246.22;2215.20,2237.90;2301.40;2306.30;2309.60;2339.00;2352.90;2381.00;2474.80;2494.00;2526.90;2529.50,684707.6
M&MFIN.NS,273.50;291.00,297.10;304.05;307.05;310.00;314.95;331.00;332.40;340.50;341.00;347.00;381.45;384.50;389.40;397.50;409.75;415.00,1706156.55
MAHABANK.NS,75.97;77.48;79.54,81.05;82.15;82.19;82.20;82.29;83.10;85.90;87.00;87.46;87.50;91.20;94.50,16850151.4
MANAPPURAM.NS,293.90;307.62,270.80;274.75;299.75;302.45;318.20;330.90;332.25;334.00;346.45;347.90;372.55;373.05;381.55,5253811.8
MANKIND.NS,2219.50;2348.43;2479.03,2108.90;2322.20;2419.00;2423.90;2458.00;2468.80;2485.00;2510.00;2570.80;2604.00;2638.60;2639.00;2642.00,289729.15
MAPMYINDIA.NS,920.00;806.50;979.65;952.65,866.80;934.85;979.40;1021.10;1033.00;1126.90;1222.35;1231.95,186633.7
MARICO.NS,806.12;795.42;838.77,764.50;772.00;794.00;826.55;831.00;832.95;845.00;845.85;847.75;848.80;862.15;863.90;867.35;873.00;889.10,1680859.75
MCX.NS,2748.93;2571.50,2777.90;2903.00;2909.90;2931.90;2942.10;3038.00;3398.00;3400.00;3480.00,2101943.1
MEDANTA.NS,1159.15;1300.45;1386.50,1248.90;1256.20;1266.50;1278.00;1335.90;1358.00;1369.70;1447.00;1475.80;1491.00;1544.00,291016.95
MEESHO.NS,172.55;180.11,172.28;174.86;193.20;195.48;195.90;195.92;197.60;201.99;212.65;223.10;227.65,16887784.35
MFSL.NS,1559.72;1541.00;1476.15,1548.50;1569.00;1604.90;1634.00;1634.10;1662.00;1713.60;1718.80;1722.40;1748.00,444045.7
MGL.NS,1113.02;1030.35;1055.85;1075.75,1107.90;1109.00;1121.00;1137.90;1159.20;1173.20;1177.60;1179.00;1190.70;1211.20;1252.00,258562.35
MINDACORP.NS,500.90;509.82;678.30;703.62,536.50;542.80;551.75;663.00;679.85;711.50;713.65;735.90;769.00,268081.65
MMTC.NS,63.20;60.14;61.48,66.20;67.23;67.44;67.58;69.34;69.82;71.28;71.64;78.35,3663739.3
MOTILALOFS.NS,772.12;816.67;837.50,835.50;874.00;902.50;909.00;961.90;980.45;981.45;989.75;1053.00;1060.20,1009421.65
MPHASIS.NS,2257.70;2133.70;2228.15;2193.20;2385.15,2271.10;2349.20;2361.80;2364.00;2403.00;2422.30;2430.50;2458.60;2472.00;2479.00;2523.00;2556.90,392923.15
MRF.NS,124758.75;129076.67;122025.00;130850.00,125950.00;129390.00;129500.00;131795.00;132885.00;133950.00;134490.00;135550.00;135755.00;135800.00;138990.00;140795.00,3834.05
MRPL.NS,168.90;143.64;160.10,153.59;169.90;171.25;176.30;179.99;183.00;187.00;189.00;191.90;194.85,9941683.35
MSUMI.NS,36.35;38.67;39.41,38.60;38.63;39.80;40.59;40.72;41.63;41.94;42.00;42.19;42.22;42.35;43.44,9722884.4
NAM-INDIA.NS,1033.45;1136.03;1153.57,1064.45;1065.00;1117.90;1122.00;1125.00;1144.40;1194.00;1196.00;1215.00;1232.80;1233.50;1269.50,1408905.85
NATCOPHARM.NS,,947.85;951.50;964.85;987.55;997.30;1116.80;1130.00;1134.85;1192.50;1202.00;1226.80,349388.05
NATIONALUM.NS,390.58;331.63,351.00;368.50;379.70;386.00;387.60;405.00;420.70;420.95;422.20;440.00;444.50;445.15,4807118.9
NAUKRI.NS,968.44;911.55;1322.05,996.00;1022.35;1029.00;1040.00;1047.80;1080.90;1223.50;1229.10;1268.90;1371.70;1390.10;1391.00,1136127.8
NAVA.NS,652.27;590.35;548.39,580.00;583.25;586.40;598.50;600.45;628.20;638.00;639.80;725.00;736.80;739.40,260881.95
NAVINFLUOR.NS,6835.17;7427.67;8100.00,6600.00;7120.00;7200.00;7525.00;7785.50;7810.00;7936.00;8451.00;8740.00;8775.50;8949.50,125853.95
NBCC.NS,86.36;91.45;93.71,87.35;90.50;94.88;96.50;96.96;98.70;101.95;102.47;107.73;114.29,4467665.35
NCC.NS,141.55,143.00;145.81;149.45;152.80;153.33;153.86;154.93;161.08;166.82;168.64;171.77,3033467.5
NETWEB.NS,3760.00;4132.43,3448.00;4044.00;4117.00;4174.80;4492.00;4495.00;4965.00;5244.00;5424.00;5813.00,1908037.65
NEULANDLAB.NS,16617.50;18127.50;22593.50,15491.00;17399.00;17572.00;17684.00;18305.00;18730.00;20089.00;23500.00;23876.00;23881.00;24225.00,40115.2
NEWGEN.NS,433.08;463.31;451.72;521.07,465.00;489.00;491.00;492.00;514.00;514.90;534.00;538.00;543.95;547.30;575.25;575.90;585.50;607.00,1336062.3
NH.NS,1848.95;1954.50,1838.00;1904.40;1949.60;1968.00;1988.00;2002.30;2047.50;2049.50;2092.90,227503.75
NHPC.NS,75.25;77.83;71.72,77.21;77.30;77.89;78.10;80.49;81.69;82.10;82.50;82.80;83.00;85.78;86.83,9341733.5
NIACL.NS,145.96;175.86;182.26,166.32;169.60;170.98;175.00;178.95;180.40;187.10;189.00;189.37;194.34;218.00;242.60,11598822.6
NIVABUPA.NS,78.21;80.39;84.15,75.22;81.81;81.90;83.85;84.20;84.50;85.25;86.46;87.76;88.40;89.00;89.66;89.77;91.40,621519.3
NLCINDIA.NS,262.20;292.28;306.42;267.17,276.80;281.35;282.30;304.20;307.70;315.40;318.55;328.90;329.10;362.00;387.80,1358235.7
NMDC.NS,86.84;83.42;82.24,86.05;86.12;86.45;86.93;87.19;89.10;89.25;90.17;91.97;92.77;94.25;97.49,14258688.9
NSLNISP.NS,40.63;42.06,42.91;43.54;44.24;44.97;45.14;45.40;46.00;46.19;49.40;53.75,11719849.95
NTPCGREEN.NS,97.58;94.25;91.45,93.29;93.85;96.25;96.98;99.60;106.90;112.70;119.95,1650516.0
NUVAMA.NS,,1392.00;1415.00;1595.00;1647.90;1779.00;1903.90;1955.00;1993.70;2066.00,286554.85
NUVOCO.NS,299.63;309.38,300.60;318.00;323.75;326.65;329.85;340.00;354.80;357.60;365.75;368.50;398.00,364210.0
NYKAA.NS,258.84;319.62,270.40;271.90;272.50;276.90;279.25;285.60;309.75;332.15;332.95;335.00;348.00;349.55,4224689.0
OBEROIRLTY.NS,1610.75;1681.40;1573.05;1826.67;1774.80,1713.00;1715.00;1720.00;1744.00;1754.00;1861.10;1932.80;1947.90;1960.70;1986.10,370048.75
OFSS.NS,9088.75;10831.00;11336.50,7335.00;9898.00;9999.00;10584.50;11360.00;11695.00;11920.00;11958.00;11968.00;11979.00;12540.00,212055.45
OIL.NS,458.75;481.23;435.43,425.00;433.95;442.30;459.40;465.00;481.95;484.00;487.20;489.00;495.40;500.00;504.30;514.45;531.00,2144867.7
OLAELEC.NS,36.10;37.06,37.73;37.81;38.14;40.51;41.75;41.88;42.00;42.25;42.60;44.18;46.00;49.05,54236576.4
OLECTRA.NS,1184.85;1288.35,1243.90;1255.85;1307.00;1369.60;1393.00;1397.90;1421.00;1552.90;1556.00,358373.8
ONESOURCE.NS,1580.20;1519.65;1506.40,1551.00;1568.30;1645.70;1647.00;1667.00;1693.90;1720.00;1740.00;1755.20;1870.00;1888.40;1895.00;1917.80,326190.85
PAGEIND.NS,36408.33;35013.33;39367.50,36215.00;36540.00;37740.00;38500.00;40490.00;40980.00;41590.00;41905.00;43855.00,22514.4
PARADEEP.NS,115.70;120.86;132.60;144.39,125.51;131.48;131.99;133.40;138.48;140.40;147.60;149.20;152.70;153.40;159.50;166.50;168.00,6313231.2
PATANJALI.NS,452.80;409.42;329.50;343.77,358.60;362.90;365.60;417.50;435.05;463.75;475.85;477.65;484.00,2438386.45
PAYTM.NS,1057.65;1078.20;1546.30,1133.70;1172.00;1181.00;1223.00;1407.00;1657.60;1732.30,4604264.95
PCBL.NS,262.26;279.07;308.75;314.97,278.40;298.00;303.65;312.55;313.00;323.50;327.50;327.60;328.20;333.85;335.90;338.00;346.00;374.00,1492290.35
PERSISTENT.NS,4736.53;4589.50;4945.05,4976.50;5105.00;5173.30;5187.70;5257.00;5299.90;5605.40;5612.00;5618.50;5698.00;5725.00;5910.00,477299.65
PETRONET.NS,260.12;270.43,278.39;280.55;282.50;282.80;284.25;285.00;286.80;287.40;294.10;296.80;300.60,1869283.05
PFIZER.NS,4711.47;4628.90;4511.80;4408.20,4569.70;4708.10;4770.00;4905.00;4934.60;5030.00;5035.40;5045.00;5149.00,75015.65
PFOCUS.NS,279.30;222.30;229.79,247.40;248.90;252.19;264.00;297.50;308.40;311.00;314.60;318.30;324.90;359.00;367.00,1149400.45
PGEL.NS,454.30,493.90;496.35;549.75;571.60;577.95;579.00;594.50;604.70;631.00;643.95,916378.65
PHOENIXLTD.NS,1738.45;1681.50;1853.95;1873.65,1819.30;1834.90;1842.60;1855.90;1950.00;1959.60;1969.00;1971.00;2169.80,358066.45
PIIND.NS,2994.37;2681.70;2539.90;2457.80,2509.00;2536.50;2545.00;2685.00;2773.30;2845.00;2874.00;2921.90;3134.70;3180.00;3182.00;3194.10,217571.15
PINELABS.NS,192.36;139.74;155.66,156.10;156.25;156.65;161.91;163.99;164.40;171.80;173.10;187.89;206.38;207.50;207.95;214.17,38883319.7
PIRAMALFIN.NS,1872.70;1988.83;2086.95,1778.90;1995.00;2031.00;2044.80;2073.20;2091.00;2158.40;2175.00;2218.90;2220.00;2324.00;2326.40,427471.05
PNBHOUSING.NS,1030.57;955.55;1047.30;1127.15,885.45;1027.70;1031.90;1068.50;1079.90;1086.70;1095.80;1105.00;1132.70;1174.80;1195.00;1207.00;1211.50,822389.35
POLICYBZR.NS,1586.80;1541.25,1622.00;1705.00;1711.30;1728.60;1735.00;1845.50;1875.00,1068320.0
POLYCAB.NS,7933.75;8837.00;9364.50;9013.00,8305.00;9169.50;9199.50;9395.00;9445.00;9632.50;9747.00;9833.00;10008.00;10126.00,402008.0
POLYMED.NS,1430.60;1306.50;1608.35;1682.00,1511.30;1634.20;1710.00;1723.00;1749.00;1774.90;1775.00;1777.00;1858.00;1913.70,163029.55
POONAWALLA.NS,454.30,403.30;407.00;429.95;433.40;436.00;442.65;468.30;476.35;480.90;486.00;486.25;489.00;494.00;506.00;511.90,786480.15
POWERINDIA.NS,31211.67;33045.00;30473.33,32750.00;34215.00;35095.00;35515.00;36590.00;36750.00;37335.00;37440.00;38785.00,87265.6
PPLPHARMA.NS,157.12;170.40;165.27,170.85;171.65;175.88;180.72;185.79;196.44;218.50;220.00;220.36;231.93,3957346.55
PREMIERENE.NS,953.88;990.00;1027.52;1010.05,1029.60;1047.00;1050.80;1054.40;1063.00;1072.40;1087.50;1103.90;1134.00,1169849.05
PRESTIGE.NS,1304.45;1624.05,1409.50;1423.60;1434.00;1514.70;1580.60;1643.50;1646.60;1651.30;1702.40;1712.20;1718.50;1741.50,456087.45
PTCIL.NS,15662.33;17418.67;16886.00,16350.00;16369.00;16597.00;17288.00;17400.00;17750.00;18096.00;18145.00;18599.00;19345.00;19520.00;19851.00;20750.00;21800.00;24125.00,58689.15
PVRINOX.NS,931.27;954.83;973.70;1127.85,985.00;999.50;1003.45;1005.10;1019.00;1032.30;1099.00;1110.00;1163.00;1194.20;1254.00;1284.50,729808.4
PWL.NS,105.77;113.19,111.87;112.14;113.31;117.95;118.90;128.37;129.88;130.70;131.42;133.50;159.43,13639365.7
RADICO.NS,3418.60;4025.10,3436.00;3482.00;3649.00;3679.00;4161.80;4193.00;4494.40;4559.80;4590.30;4747.00,214439.9
RAILTEL.NS,314.24;305.60;281.22,283.10;294.70;296.55;297.60;313.35;320.50;325.40;329.35;330.50;338.76;351.95;353.90,1145493.15
RAINBOW.NS,1232.00;1314.00;1401.63;1421.25,1288.90;1321.00;1322.00;1335.00;1366.90;1395.00;1469.20;1479.00;1495.00;1508.00;1511.70;1610.00,80049.05
RAMCOCEM.NS,904.44;873.20;847.45,891.00;894.00;920.00;938.00;944.00;949.00;953.00;962.35;970.00;989.30;1024.45,260012.65
RBLBANK.NS,375.70,326.80;339.50;345.65;349.90;353.00;375.15;381.70;382.35;392.70;394.50;420.40,3272191.95
REDINGTON.NS,210.94;267.65,226.45;228.25;228.30;242.50;250.88;288.20;290.46;291.17;360.55;364.50;370.80;378.50;403.25,6765097.05
RHIM.NS,371.92;398.57;381.70;356.92,377.80;381.95;387.55;391.90;395.00;404.95;414.75;419.35;420.90;421.45;423.20;426.70;427.30;433.00;443.80,238066.8
RITES.NS,215.17;210.33;200.45,209.20;215.40;216.94;222.99;225.00;226.35;230.85;234.90;241.30;244.59,291209.0
RKFORGE.NS,526.35;551.98,570.00;584.40;584.50;587.50;594.90;596.45;607.00;617.75;629.90;632.00;737.80;763.50;767.25;772.80,700205.85
RPOWER.NS,24.11;26.15;23.15,22.90;23.80;25.30;25.40;25.51;28.04;28.75;28.94;29.40;29.52;29.95;30.80,19450535.05
RRKABEL.NS,,1520.00;2049.00;2239.80;2415.00;2549.00;2775.00;2815.00;2980.00;2983.80,576425.7
RVNL.NS,264.38;234.08;221.63,214.18;231.38;236.76;236.89;241.19;251.38;275.85;310.00;311.30;311.45;311.85,3956831.2
SAGILITY.NS,40.68;38.83,40.72;41.14;42.30;42.99;43.48;43.49;43.60;43.78;45.40;46.24;47.49,24517919.1
SAIL.NS,160.33;165.18,172.27;175.90;176.89;180.11;187.87;189.10;190.50;200.96;208.45;209.70,24420374.7
SAILIFE.NS,946.65;1188.15;1414.65,1009.00;1139.40;1175.60;1184.80;1244.20;1249.00;1260.00;1300.00;1475.00;1485.00;1697.00,850209.2
SAMMAANCAP.NS,137.93;166.89;159.74;144.43,153.00;157.80;161.00;168.50;169.36;182.90;183.18;192.34,5429910.8
SAPPHIRE.NS,171.11;178.01,179.00;183.91;186.09;187.04;187.06;189.24;190.00;193.90;205.06;212.70;240.27;258.78,1032950.15
SARDAEN.NS,511.15;505.07;490.42,512.70;521.40;535.40;537.25;538.00;542.50;558.00;578.80;604.00;605.85;624.00,591722.1
SAREGAMA.NS,338.45;472.70,351.00;365.00;375.00;443.00;471.55;477.50;485.00;489.95;503.00;509.90;516.50;519.80;574.50,450102.75
SBFC.NS,89.71;88.29;91.53,94.50;94.55;94.64;94.99;95.00;95.75;97.00;97.45;101.19;103.22;103.37;104.39,2982155.05
SBICARD.NS,611.03;583.55,611.95;638.70;638.80;658.00;660.00;666.75;668.45;674.20;675.00;700.40,3297319.3
SCHAEFFLER.NS,4012.53;3879.15,3990.00;4084.00;4143.00;4144.90;4202.60;4210.00;4213.20;4219.00;4235.00;4249.00;4297.00;4429.00;4445.00,45820.15
SCHNEIDER.NS,1176.00;1068.60;1142.45,1194.10;1235.70;1237.00;1246.00;1370.00;1376.50;1391.00;1417.80;1449.00;1468.80;1548.00,302429.35
SCI.NS,284.33;275.28,287.10;296.00;300.20;300.25;303.70;320.00;321.05;322.80;324.00;330.00;351.70;368.75,1894164.1
SHYAMMETL.NS,806.70;959.68;1010.33,857.00;880.00;908.60;934.90;979.05;992.00;1002.85;1004.80;1014.00;1044.80;1090.00;1111.00,458165.7
SIGNATURE.NS,778.88;796.71;754.50,807.35;809.90;815.95;835.90;836.00;838.00;842.30;843.05;874.00;886.85;898.00;910.00;928.00,206121.5
SJVN.NS,70.58;67.09,66.79;68.33;70.43;74.58;75.49;77.80;79.45;83.00,1787027.75
SOBHA.NS,1262.67;1361.60;1331.85,1276.60;1390.00;1429.80;1449.90;1462.50;1550.30;1559.50;1577.00,74135.9
SONACOMS.NS,561.52;586.45;793.33,596.95;605.60;614.00;621.80;632.20;682.20;741.65;813.15;824.60;836.90;844.00,1439769.5
SONATSOFTW.NS,253.19;261.50,269.04;278.40;291.40;292.40;294.00;307.90;313.95;324.90;329.50;359.50,1077874.3
SPLPETRO.NS,716.13;677.63;661.00;692.05,703.95;710.95;724.90;736.00;736.60;743.50;752.00;783.80;788.00;805.00;843.80;847.00,285442.9
SRF.NS,2363.25;2582.18;2650.40;2703.80;2546.75,2506.00;2525.00;2604.00;2627.00;2644.70;2648.00;2663.00;2776.40;2777.00;2784.00;2832.10;2859.50;2970.00,197257.1
STARHEALTH.NS,516.17;570.47;552.17,532.35;535.00;535.95;539.45;584.10;586.25;588.00;588.45;590.75;597.40;605.80;623.90;624.90,296648.7
SUMICHEM.NS,413.82;443.10,453.80;483.70;509.40;509.95;514.50;549.75;551.90;569.00;572.05,224409.7
SUNDARMFIN.NS,4425.53,4528.30;4658.00;4660.00;4665.70;4684.50;4790.00;4810.20;4965.30;5050.00,42120.7
SUNTV.NS,479.50;490.10,481.20;482.70;485.50;506.00;511.80;519.80;528.00;529.00;529.70;529.80;531.00;614.00;660.70,488196.2
SUPREMEIND.NS,3538.00;3390.70;3472.40;3140.50,3309.30;3538.10;3568.00;3598.00;3606.90;3645.00;3646.00;3674.90;3685.70;3710.00;3746.30;3826.50;3879.80;3941.40,174761.5
SUZLON.NS,51.47;52.78;46.09,46.40;47.52;49.30;49.32;53.70;54.51;56.12;58.06;58.42;59.31;60.45,37310589.8
SWANCORP.NS,310.28;304.04,307.90;315.35;316.65;317.20;326.90;336.70;339.00;345.80;363.45;365.80;382.15,3739329.4
SWIGGY.NS,263.18;246.78;236.28;271.43,257.85;262.95;270.00;272.30;283.50;284.00;284.68;285.55;285.60;293.00;298.85;299.00;305.00,24202176.9
SYNGENE.NS,377.62;436.82;455.48;396.95,412.80;413.90;417.50;419.50;432.00;449.95;450.95;454.50;463.80;490.70;518.55,509722.95
SYRMA.NS,951.62;1341.60,1032.00;1080.00;1188.00;1392.00;1454.00;1457.00;1468.00;1505.00;1517.70;1525.80;1543.00;1660.00,908387.1
TARIL.NS,294.10;318.43;287.53,302.30;304.10;305.90;313.90;326.95;329.60;335.00;338.00;350.60;358.00;365.00;372.00,1800789.5
TATACHEM.NS,686.65;723.67;624.00,674.80;708.90;711.00;729.90;743.60;762.90;773.70;775.00;819.00;854.85,1618776.15
TATACOMM.NS,1493.15;1534.55;1635.20;1887.17;1690.07,1574.70;1609.80;1623.00;1710.90;1783.80;1805.00;2017.30;2029.70;2049.90;2110.00,258117.05
TATAELXSI.NS,3950.70;3587.63;3361.95;3660.00,3708.00;3777.60;3840.00;3857.00;4157.00;4347.40;4394.00;4490.00;4542.80;4753.60,173243.55
TATAINVEST.NS,651.60;629.40;618.62,644.00;656.40;677.90;680.70;690.15;690.60;696.60;699.30;704.90;714.80;715.00;737.95;738.55;762.25,1984305.05
TATATECH.NS,551.75;729.22,596.35;605.00;642.50;659.80;747.80;767.10;775.00;777.00;779.10;784.00;850.00;891.00,985394.25
TBOTEK.NS,1408.57,1230.00;1236.30;1288.40;1310.30;1315.00;1497.90;1503.90;1534.10;1569.00;1685.00;1732.50;1735.00;1737.90;1750.00,157918.1
TECHNOE.NS,1057.00;958.68,1012.70;1018.00;1018.80;1041.50;1079.00;1097.60;1111.00;1116.90;1284.00;1335.60;1383.90,140897.15
TEGA.NS,1679.05;1601.80;1542.43;1523.30,1613.00;1635.00;1642.00;1665.60;1678.00;1721.60;1744.10;1770.00;1837.00;1849.00;1894.00,300267.95
TEJASNET.NS,528.40,461.50;527.50;532.00;543.30;547.15;554.95;576.85;581.90;622.80;629.45;642.00;644.75,5624254.4
TENNIND.NS,549.28;572.42;525.48,530.00;572.00;578.40;578.90;584.90;605.70;609.60;609.80;622.95;633.00;644.00;657.00,986571.75
THELEELA.NS,403.16;468.80,426.90;429.45;438.00;439.90;441.80;442.75;472.75;498.00;507.90;509.40;511.00;527.00;576.00;582.85,612341.75
THERMAX.NS,3943.83;4357.20;4532.90;3573.50,3719.80;4029.90;4183.60;4238.60;4305.00;4860.00;4880.00;4935.00;5075.00;5277.80,107003.35
TIINDIA.NS,2671.05;2876.80;2737.95;2976.15,2830.90;2978.00;2989.00;3015.50;3070.70;3128.30;3153.00;3250.00;3312.80;3335.20,210980.8
TIMKEN.NS,3431.12;3061.60,3168.60;3218.60;3324.70;3390.40;3618.00;3645.00;3679.60;3711.70;3775.00;3925.00,34196.8
TITAGARH.NS,721.60;791.00;813.89,728.00;758.65;805.00;860.00;865.00;869.70;869.90;877.50;889.80;904.80;906.50;971.00,641835.0
TORNTPOWER.NS,1395.73;1360.05,1273.90;1327.40;1373.00;1446.50;1448.00;1474.00;1490.00;1543.90;1780.00;1824.10,454594.85
TRAVELFOOD.NS,1284.33;1254.87,1312.00;1312.40;1318.80;1322.00;1346.80;1352.90;1360.00;1365.80;1384.00;1416.50;1441.00;1470.90,67486.4
TRIDENT.NS,24.35;23.73;24.86,24.59;24.85;25.09;25.23;25.40;25.91;26.30;26.80;26.86;27.19;27.31;27.34,2368081.45
TRITURBINE.NS,558.02;598.10;564.35,481.80;585.00;595.65;604.05;604.65;605.95;627.00;647.50;654.15;690.95;699.00;738.00;749.00;787.60,542063.4
TTML.NS,41.69;38.17,38.36;40.32;40.50;41.20;42.82;43.50;43.98;44.39;44.73;45.79;47.89;48.13;48.28;49.74,3918049.3
UBL.NS,1433.05;1379.75;1315.68,1326.00;1362.00;1364.60;1365.30;1373.00;1384.00;1386.80;1464.00;1543.60,130811.9
UCOBANK.NS,26.10;24.27;25.47,25.80;26.44;26.77;26.94;27.03;27.05;27.09;27.16;27.49;27.75;30.04,3858153.25
UNOMINDA.NS,1044.38;1068.40;1096.15;1235.30,1100.50;1106.80;1136.80;1137.70;1153.90;1160.30;1161.50;1165.00;1172.00;1179.90;1189.70;1288.00;1298.30;1307.50,608229.35
UPL.NS,618.52;629.88;593.60;560.45,589.40;591.00;614.15;622.60;629.00;646.25;661.60;671.70;682.60,1955768.55
URBANCO.NS,130.14;118.29;127.12,126.89;127.51;133.00;139.80;140.23;150.39;152.21;156.19;183.97,14555675.15
USHAMART.NS,456.70;486.23;475.62,454.65;484.00;489.40;490.00;505.40;507.00;510.40;516.80;518.00;519.85;524.80;527.00;527.50;529.30,819378.65
UTIAMC.NS,920.60;877.71,904.15;918.50;922.95;923.00;924.90;942.00;946.25;967.00;973.90;986.05;994.00;1007.60;1035.90;1083.00,113055.7
VIJAYA.NS,1255.15;1218.25;1285.55;1334.05,1051.25;1375.00;1379.30;1390.00;1414.90;1427.80;1440.00;1530.00;1573.00;1578.00,132957.95
VMM.NS,119.69;112.77;115.69;106.39,111.00;112.83;113.00;115.40;122.39;122.72;122.98;123.69;124.29;126.24;129.40,17282777.75
VOLTAS.NS,1206.07;1276.27,1245.00;1300.00;1305.20;1311.50;1329.80;1350.00;1358.00;1403.00;1411.90;1537.90,695656.95
VTL.NS,566.52;588.83;600.27;622.00,566.00;602.60;609.00;611.00;615.30;620.70;626.80;633.65;637.85;645.45;647.00;650.00;659.00;670.05;688.00,1542112.15
WAAREEENER.NS,2966.13;2819.65;2658.85;2556.75,2635.00;2653.00;2727.00;2730.00;2783.30;2930.00;3157.80;3180.00;3292.80;3535.60;3557.00,495142.9
WELCORP.NS,1571.10,1290.00;1357.70;1377.40;1425.00;1427.00;1698.80;2676.00;2784.80,3381598.9
WELSPUNLIV.NS,128.05;137.57;159.14,136.45;139.00;145.80;146.00;165.50;168.63;169.70;171.00;173.40;174.97;195.00;216.00,7718316.6
WHIRLPOOL.NS,796.50;764.10,787.70;805.00;820.00;820.65;832.70;841.00;858.70;873.25;894.00;1029.95,505762.9
WOCKPHARMA.NS,1826.68,1406.40;1532.00;1655.90;1778.00;1950.00;1994.00;2045.00;2056.90;2067.70;2120.00;2272.90;2422.30,1092848.35
YESBANK.NS,19.72;22.31;22.67,20.55;20.71;22.62;22.83;23.04;23.15;23.18;23.55;23.75;23.77;24.79;25.38;25.78,64311274.6
ZEEL.NS,87.45;102.19,94.35;97.00;109.85;110.63;112.25;114.95;117.20;117.32;118.35,26507241.3
ZENSARTECH.NS,484.50;440.68;422.00,458.50;473.65;475.95;496.40;506.85;509.95;522.40;529.40;537.00;553.10;558.00;562.90;611.00,3205012.35
ZENTEC.NS,1471.55;1591.15;1719.17,1582.00;1639.40;1676.00;1721.70;1825.00;1844.20;1866.40;1885.00;1904.00;2024.00;2043.70,370601.4
ZFCVINDIA.NS,2267.50;2325.94;2424.69,2499.00;2541.17;2558.17;2591.50;2656.00;2691.00;3044.00,96450.15
ZYDUSWELL.NS,489.02;480.05;502.40,512.00;514.00;516.00;516.20;522.80;527.65;534.35;535.45;541.55;542.00;545.00;552.40;581.00;583.50;606.95;611.85,608391.85
