Symbol,CMP,Return3M%,Return6M%,Return9M%,Volatility3M,MomentumScore,Rank
CUPID,285.08,128.63,237.01,330.41,3.12,74.369,1
STLTECH,613.0,32.34,286.7,444.45,3.59,70.847,2
WELCORP,2328.7,79.46,189.24,159.68,3.12,45.719,3
HFCL,225.56,38.52,205.68,205.68,3.57,42.008,4
SANSERA,3907.5,34.5,73.54,147.36,2.28,37.388,5
SHILPAMED,815.7,59.27,148.08,124.99,3.05,36.359,6
LAURUSLABS,1802.4,31.19,76.5,82.6,1.79,35.525,7
RRKABEL,2900.0,45.79,104.38,113.11,2.48,35.339,8
DIACABS,357.0,72.76,165.43,140.61,3.64,34.684,9
KTKBANK,334.4,24.99,63.5,90.93,1.88,31.877,10
ANANDRATHI,2191.0,22.56,45.97,48.76,1.31,29.916,11
AETHER,1618.2,53.92,65.51,84.61,2.28,29.882,12
RADICO,4634.0,30.13,64.19,41.05,1.51,29.869,13
SKYGOLD,795.5,64.24,110.23,124.34,3.38,29.446,14
RUBICON,1713.0,81.36,117.25,130.83,3.79,28.995,15
SONACOMS,815.5,34.13,54.44,60.64,1.74,28.578,16
AVALON,2189.0,48.61,105.53,121.6,3.31,27.8,17
SAILIFE,1463.0,31.35,57.07,69.46,1.92,27.456,18
CPPLUS,3438.7,34.53,119.36,99.7,3.09,27.356,19
HONASA,490.35,25.33,62.66,70.2,1.95,26.997,20
ATHERENERG,1439.8,51.46,96.24,106.57,3.15,26.896,21
AKUMS,749.9,44.2,57.15,76.74,2.26,26.315,22
GRWRHITECH,7146.5,33.49,63.76,78.65,2.26,25.901,23
PARAS,1536.0,78.99,143.71,105.72,4.3,25.441,24
SHRIPISTON,4642.0,42.67,53.04,70.94,2.19,25.314,25
ACMESOLAR,407.25,35.48,76.35,67.66,2.37,25.23,26
KRN,1486.2,38.02,88.08,71.55,2.71,24.346,27
QUESS,339.65,64.73,63.29,52.31,2.52,23.814,28
AEGISLOG,1382.0,93.26,102.79,75.3,3.93,23.014,29
NEULANDLAB,23334.0,39.78,70.71,35.27,2.12,22.949,30
SYRMA,1430.1,35.26,70.02,64.03,2.49,22.639,31
GRANULES,852.65,12.43,46.4,51.87,1.67,22.15,32
OFSS,11776.0,19.17,77.03,40.65,2.14,21.354,33
ATLANTAELE,1752.1,2.83,96.19,83.39,2.87,21.161,34
FEDERALBNK,358.6,23.98,23.29,45.76,1.48,20.93,35
ASTRAMICRO,1664.2,34.69,81.85,71.32,3.02,20.754,36
NEOGEN,2244.0,27.89,69.79,72.84,2.75,20.635,37
AZAD,2828.2,38.66,70.85,72.39,2.95,20.54,38
EMIL,188.8,61.69,83.57,47.19,3.22,19.905,39
JINDALSAW,289.75,31.7,53.72,75.18,2.7,19.797,40
CRAFTSMAN,10568.5,21.45,36.6,56.66,1.93,19.773,41
CEMPRO,1272.0,44.55,110.06,55.86,3.56,19.698,42
BLUESTONE,827.4,72.79,97.19,45.04,3.71,19.312,43
APARINDS,16739.0,33.53,66.33,81.32,3.14,19.26,44
TMB,890.55,30.38,29.87,77.1,2.4,19.084,45
GLAND,2799.0,19.92,52.43,54.19,2.23,18.939,46
ALIVUS,1343.1,23.14,50.91,47.96,2.18,18.633,47
MTARTECH,7043.0,-11.42,88.06,171.31,4.5,18.375,48
LLOYDSME,1881.0,4.42,55.27,48.72,2.04,17.749,49
INOXINDIA,1936.7,30.15,71.24,67.1,3.25,17.301,50
AJANTPHARM,3652.9,17.95,23.42,45.09,1.68,17.175,51
RBA,104.3,53.25,63.45,64.07,3.55,16.97,52
BHEL,413.95,-0.91,63.1,45.12,2.11,16.935,53
MARKSANS,315.5,48.92,73.79,64.03,3.68,16.921,54
RATEGAIN,941.05,29.65,67.06,31.74,2.54,16.829,55
PGIL,2383.2,47.08,50.72,43.66,2.82,16.726,56
ACUTAAS,3177.0,8.66,48.24,84.71,2.84,16.604,57
VARROC,816.4,40.31,45.92,27.96,2.33,16.351,58
PRICOLLTD,791.2,42.14,31.8,28.04,2.15,15.819,59
AUROPHARMA,1608.1,9.88,35.51,30.01,1.59,15.768,60
VIJAYA,1500.0,22.91,47.43,46.34,2.47,15.717,61
QPOWER,1317.3,17.19,50.57,66.22,2.85,15.675,62
BALRAMCHIN,732.75,37.49,56.65,58.36,3.26,15.618,63
FLUOROCHEM,4653.3,21.37,37.4,30.44,1.92,15.462,64
ANTHEM,880.4,13.29,27.01,33.48,1.61,15.277,65
RKFORGE,739.55,29.89,29.96,36.73,2.11,15.267,66
CAPLIPOINT,2558.0,23.11,48.52,33.58,2.32,15.138,67
TDPOWERSYS,1533.1,12.13,73.41,102.04,4.14,15.094,68
LLOYDSENGG,92.05,19.53,81.42,63.38,3.65,15.016,69
RAIN,210.8,17.78,39.32,86.53,3.2,14.957,70
NAZARA,357.05,25.94,29.48,30.03,1.92,14.81,71
PAYTM,1620.2,43.18,41.43,26.19,2.5,14.8,72
EMCURE,1862.7,8.7,26.65,36.91,1.64,14.665,73
ARVIND,535.55,11.49,41.12,54.63,2.45,14.61,74
BALAMINES,2070.2,10.5,88.1,73.17,3.92,14.607,75
LALPATHLAB,1890.0,15.94,31.34,18.77,1.51,14.597,76
WABAG,2023.2,34.32,58.65,43.18,3.16,14.363,77
IIFL,678.35,42.83,36.26,24.53,2.41,14.351,78
HSCL,692.75,14.24,46.4,55.24,2.7,14.289,79
KIRLOSENG,2090.0,22.74,47.49,83.08,3.61,14.161,80
JLHL,315.4,16.82,27.9,8.36,1.25,14.135,81
MANORAMA,1937.2,32.58,34.38,44.07,2.62,14.13,82
PRUDENT,3345.7,26.36,28.28,34.1,2.1,14.095,83
PNBHOUSING,1178.3,11.2,36.43,28.08,1.8,14.031,84
STYL,393.95,46.73,57.97,22.76,3.08,13.806,85
MINDACORP,732.55,25.15,24.72,23.07,1.77,13.731,86
NETWEB,5606.0,45.55,58.9,62.98,4.07,13.726,87
NYKAA,331.7,22.83,21.76,23.24,1.65,13.677,88
DATAPATTNS,4861.7,18.53,66.84,56.6,3.49,13.578,89
REDINGTON,354.25,57.79,38.98,20.06,2.88,13.53,90
EPL,266.89,21.73,22.25,36.2,1.98,13.514,91
KAJARIACER,1210.4,14.27,24.91,9.6,1.22,13.304,92
SAREGAMA,519.35,29.1,51.02,31.07,2.79,13.303,93
EXIDEIND,463.45,33.85,35.65,21.67,2.29,13.294,94
HEG,711.15,21.66,28.46,36.73,2.19,13.209,95
NAM-INDIA,1257.6,14.32,28.52,42.41,2.15,13.189,96
SHAILY,3321.3,20.73,58.37,27.89,2.73,13.041,97
THANGAMAYL,5475.5,43.9,56.69,73.21,4.44,13.034,98
WELSPUNLIV,188.51,35.8,36.85,34.29,2.76,12.935,99
GOKULAGRO,242.31,10.77,46.64,17.09,1.92,12.909,100
MCX,3200.8,-3.22,35.56,62.34,2.45,12.878,101
FINCABLES,1270.05,18.82,54.9,63.73,3.59,12.773,102
IPCALAB,1911.3,19.3,28.14,30.48,2.07,12.572,103
GAEL,179.7,10.63,26.88,56.14,2.49,12.542,104
UJJIVANSFB,72.11,30.14,15.9,33.46,2.11,12.535,105
JSFB,584.5,22.14,49.35,27.86,2.65,12.516,106
ZENTEC,1942.8,21.21,46.39,34.38,2.72,12.481,107
VOLTAMP,10753.0,17.22,30.24,30.33,2.08,12.46,108
TI,574.6,25.77,28.7,14.09,1.85,12.341,109
BHARATFORG,2034.8,5.41,15.73,40.7,1.67,12.329,110
BLUEJET,597.9,35.56,65.21,4.66,2.85,12.326,111
HINDCOPPER,572.8,3.02,1.62,75.09,2.17,12.269,112
WELENT,646.25,29.07,28.95,20.59,2.15,12.173,113
THELEELA,547.0,30.32,23.76,28.16,2.26,12.127,114
CARTRADE,3128.0,74.85,54.39,0.86,3.6,12.044,115
MEDANTA,1407.2,13.66,22.89,17.06,1.49,12.031,116
KALYANKJIL,606.0,70.49,49.72,20.21,3.89,12.03,117
ACE,1175.7,32.78,30.9,20.91,2.35,12.001,118
RBLBANK,391.15,13.92,20.06,26.34,1.69,11.897,119
CARBORUNIV,1170.9,10.73,39.24,36.52,2.44,11.807,120
POWERINDIA,34605.0,-2.89,46.82,60.03,2.95,11.746,121
CHENNPETRO,1392.2,36.52,55.3,29.34,3.45,11.717,122
MSTCLTD,703.85,61.4,52.93,39.96,4.41,11.671,123
ASKAUTOLTD,627.75,37.88,43.39,30.89,3.21,11.646,124
GABRIEL,1413.8,26.23,45.39,43.94,3.31,11.623,125
APOLLO,389.8,-5.41,68.45,37.59,2.95,11.364,126
BELRISE,233.2,7.33,27.01,42.19,2.29,11.128,127
IDEA,14.0,-0.99,24.33,37.66,1.83,11.12,128
ELGIEQUIP,638.15,12.37,18.78,26.48,1.74,11.061,129
NAVINFLUOR,8197.0,15.05,31.33,36.55,2.51,11.024,130
PVRINOX,1228.8,25.41,17.66,10.4,1.65,10.803,131
ICIL,439.25,41.6,44.72,37.01,3.81,10.803,132
CONCORDBIO,1553.2,36.39,39.01,7.83,2.61,10.618,133
JSWINFRA,334.8,20.58,29.17,20.74,2.26,10.411,134
GLAXO,2923.3,27.09,13.14,16.05,1.86,10.079,135
STARHEALTH,573.55,9.11,21.1,12.96,1.44,9.975,136
SKIPPER,557.8,11.14,44.45,13.21,2.3,9.97,137
PPLPHARMA,214.47,19.91,31.54,13.09,2.17,9.924,138
GNFC,582.45,12.61,26.29,18.44,1.97,9.727,139
PFOCUS,294.3,21.29,7.66,68.3,3.39,9.558,140
PREMIERENE,1054.6,7.07,38.1,6.09,1.8,9.49,141
COFORGE,1880.7,32.18,38.19,1.87,2.56,9.417,142
NUVAMA,1722.3,14.45,30.75,17.26,2.22,9.378,143
WOCKPHARMA,1891.2,11.23,35.82,42.72,3.21,9.313,144
AVL,604.1,12.6,20.86,15.96,1.77,9.308,145
BBOX,778.0,-20.3,46.92,46.57,2.65,9.213,146
SPARC,197.7,-15.15,49.53,51.24,3.14,9.093,147
KEI,5553.1,5.14,20.54,34.81,2.22,9.083,148
RAINBOW,1444.5,6.61,18.3,10.42,1.3,9.068,149
SCHNEIDER,1242.7,-4.96,46.29,62.59,3.82,9.06,150
CGCL,226.2,19.49,26.71,15.99,2.3,9.022,151
LUMAXTECH,2010.5,24.16,20.75,43.88,3.29,9.004,152
KPIL,1408.9,11.16,25.63,12.58,1.84,8.933,153
IFCI,81.18,26.06,32.17,52.34,4.17,8.839,154
TATATECH,814.45,15.31,35.4,19.81,2.66,8.824,155
SMLMAH,5164.5,33.07,0.61,80.28,4.34,8.747,156
TBOTEK,1691.3,39.18,21.75,5.04,2.52,8.72,157
J&KBANK,149.27,6.03,41.92,37.11,3.25,8.718,158
NAUKRI,1353.2,40.82,19.78,2.14,2.42,8.633,159
VTL,597.25,-0.69,17.19,29.65,1.79,8.585,160
ABCAPITAL,412.5,13.43,18.01,24.75,2.22,8.453,161
CANHLIFE,155.06,11.14,2.31,27.48,1.62,8.435,162
IDFCFIRSTB,86.41,23.06,4.13,9.48,1.45,8.403,163
GLENMARK,2318.8,-0.78,14.22,25.97,1.57,8.382,164
URBANCO,155.56,26.1,31.53,7.83,2.6,8.38,165
VMART,806.0,22.34,31.51,-3.15,2.03,8.327,166
MANAPPURAM,357.8,9.87,15.36,27.63,2.12,8.317,167
YATHARTH,851.15,4.26,22.49,10.32,1.49,8.316,168
MAHABANK,80.99,-0.22,17.39,32.47,2.0,8.281,169
DIXON,14669.0,25.67,30.54,-4.21,2.09,8.275,170
OBEROIRLTY,1907.2,14.92,21.94,9.28,1.86,8.272,171
WEWORK,690.0,20.29,23.69,12.23,2.27,8.264,172
THYROCARE,567.0,12.89,39.07,11.53,2.59,8.163,173
CREDITACC,1497.4,17.48,19.06,12.71,2.05,8.011,174
LLOYDSENT,78.32,9.81,33.49,23.57,2.85,7.815,175
ENDURANCE,2994.7,6.91,20.87,9.43,1.59,7.802,176
MARICO,848.1,2.87,9.49,12.12,1.05,7.751,177
SUDARSCHEM,1197.7,14.73,30.24,14.82,2.58,7.717,178
SUMICHEM,547.2,14.32,32.21,19.45,2.89,7.615,179
MAHSEAMLES,643.75,1.32,21.59,13.9,1.63,7.545,180
APLAPOLLO,2155.9,13.55,-3.92,25.28,1.56,7.483,181
NATIONALUM,392.4,-5.72,15.38,52.32,2.77,7.45,182
EQUITASBNK,77.58,16.7,12.42,20.13,2.22,7.388,183
ENTERO,1408.2,3.97,28.3,23.93,2.58,7.268,184
AUBANK,1103.1,9.02,8.46,19.99,1.73,7.223,185
THERMAX,4014.8,-9.49,29.83,36.4,2.63,7.183,186
KARURVYSYA,335.6,14.93,2.94,32.28,2.35,7.126,187
SHYAMMETL,988.0,2.7,10.68,18.08,1.49,7.039,188
AARTIIND,518.7,5.64,14.14,34.08,2.57,6.98,189
DEEPAKFERT,1453.6,-1.38,40.53,2.9,2.02,6.947,190
MOTILALOFS,998.4,14.69,30.02,4.83,2.38,6.925,191
ABSLAMC,1002.5,-0.91,13.55,36.04,2.38,6.83,192
POLYCAB,9013.5,-2.7,16.42,17.65,1.54,6.796,193
TEJASNET,509.25,1.57,54.11,-0.07,2.74,6.767,194
ASTERDM,760.9,0.44,19.49,14.37,1.71,6.68,195
GRINDWELL,2074.5,6.75,29.34,27.67,3.19,6.662,196
INDUSINDBK,1003.5,8.36,6.23,19.52,1.72,6.623,197
ENGINERSIN,242.19,12.13,12.51,20.42,2.29,6.571,198
KIMS,783.05,2.48,10.3,17.19,1.52,6.561,199
USHAMART,493.6,2.66,21.86,12.46,1.89,6.509,200
PTCIL,20210.0,27.25,10.58,16.66,2.8,6.493,201
AIAENG,4340.4,8.67,12.24,17.53,1.98,6.468,202
KIRLOSBROS,1915.0,17.59,16.6,9.3,2.25,6.436,203
PRIVISCL,3459.7,4.26,22.12,4.37,1.62,6.31,204
INDIAGLYCO,1141.9,15.55,18.94,4.76,2.08,6.298,205
BECTORFOOD,259.57,42.65,18.32,-1.55,3.15,6.293,206
INDGN,559.0,8.01,14.01,8.52,1.63,6.259,207
GODREJIND,1229.5,9.14,25.51,16.39,2.74,6.209,208
ALKYLAMINE,1936.8,12.61,25.35,9.67,2.56,6.201,209
HCG,726.05,10.97,25.48,-1.35,1.89,6.194,210
JYOTICNC,966.0,44.03,12.85,-1.12,3.05,6.103,211
OPTIEMUS,550.0,31.3,31.3,-6.13,3.09,6.089,212
ANANTRAJ,629.85,25.02,15.41,1.79,2.34,6.02,213
AEGISVOPAK,271.85,30.49,26.55,4.8,3.44,5.989,214
KIRLPNU,741.2,-10.69,33.08,31.0,3.0,5.929,215
MANYAVAR,547.1,31.7,25.52,-12.63,2.51,5.919,216
ZFCVINDIA,2658.2,6.38,2.52,23.04,1.81,5.893,217
EDELWEISS,132.08,16.9,8.15,16.35,2.36,5.855,218
KPRMILL,1152.1,22.34,26.04,2.72,2.92,5.833,219
DYNAMATECH,11714.0,3.61,15.79,22.95,2.46,5.726,220
VIYASH,269.8,4.83,25.07,12.59,2.49,5.691,221
TIPSMUSIC,650.1,1.13,17.68,31.28,3.0,5.557,222
PARADEEP,150.5,17.91,26.6,-5.56,2.39,5.435,223
PICCADIL,702.9,17.47,17.48,12.12,2.9,5.413,224
CHOICEIN,811.55,19.92,6.25,2.79,1.8,5.363,225
M&MFIN,380.6,27.06,-0.99,17.87,2.75,5.334,226
SOUTHBANK,45.25,10.37,10.45,10.15,1.94,5.329,227
POONAWALLA,495.5,24.22,1.04,5.74,1.99,5.197,228
WESTLIFE,588.15,25.94,14.02,8.29,3.11,5.166,229
HONAUT,36530.0,6.18,16.43,3.05,1.67,5.132,230
DEVYANI,146.21,25.62,9.87,-0.75,2.26,5.114,231
PHOENIXLTD,1924.2,7.48,8.5,10.82,1.75,5.107,232
JAYNECOIND,97.47,-6.94,17.33,29.84,2.66,5.048,233
MIDHANI,426.6,2.4,16.88,21.37,2.71,4.991,234
360ONE,1207.5,5.7,7.12,12.01,1.7,4.866,235
METROPOLIS,544.0,3.72,12.86,12.03,1.96,4.861,236
AFFLE,1720.3,17.17,13.21,2.0,2.23,4.842,237
IKS,1777.0,12.05,8.33,9.68,2.1,4.766,238
SHAREINDIA,174.17,23.03,21.53,3.49,3.39,4.725,239
PGEL,606.3,29.84,-0.08,2.67,2.3,4.709,240
SAIL,174.87,-14.21,12.24,26.54,1.75,4.693,241
ZEEL,107.44,29.79,15.9,9.22,3.91,4.686,242
OLECTRA,1328.9,9.04,29.17,-4.22,2.44,4.645,243
GVT&D,4204.1,-13.29,18.57,36.98,3.06,4.61,244
JKPAPER,396.1,0.81,16.81,6.15,1.76,4.505,245
ETHOSLTD,2853.0,17.49,16.02,0.51,2.52,4.499,246
ZYDUSWELL,495.4,2.98,23.76,8.6,2.63,4.479,247
SAPPHIRE,244.61,32.28,11.34,-7.05,2.74,4.452,248
IFBIND,1411.0,34.1,19.16,-19.67,2.54,4.417,249
KRBL,404.75,17.73,13.47,-4.79,2.01,4.376,250
NIACL,184.32,13.25,22.26,3.74,3.14,4.165,251
TANLA,575.35,8.6,25.64,-3.8,2.48,4.093,252
GRAPHITE,723.45,-3.34,4.32,27.24,2.31,4.079,253
CCL,1094.5,2.88,10.44,7.85,1.73,4.076,254
LTF,319.4,14.34,6.38,7.31,2.3,4.057,255
CUB,219.67,15.27,2.93,10.34,2.37,4.018,256
MANKIND,2374.5,-3.38,15.1,6.63,1.54,3.985,257
GRAVITA,1800.7,8.61,11.19,5.77,2.16,3.945,258
SMARTWORKS,518.9,15.02,17.16,-9.75,1.9,3.94,259
BRIGADE,632.2,25.9,13.87,-8.89,2.63,3.909,260
POLYMED,1740.2,8.88,31.64,-8.38,2.77,3.876,261
SFL,669.5,4.86,14.82,7.71,2.4,3.803,262
COHANCE,462.75,6.42,42.01,-20.52,2.45,3.797,263
LXCHEM,174.14,14.66,23.08,-5.03,2.89,3.773,264
SCI,292.2,-5.15,11.82,17.42,2.14,3.758,265
KSB,798.0,-1.65,11.84,10.63,1.86,3.724,266
JSWENERGY,550.25,-1.22,13.16,7.13,1.71,3.723,267
FEDFINA,157.83,1.82,14.71,8.86,2.37,3.574,268
AARTIPHARM,811.0,10.72,12.34,14.5,3.5,3.574,269
LOTUSDEV,166.0,17.58,13.72,-1.86,2.8,3.505,270
LTFOODS,433.95,5.73,5.06,6.3,1.63,3.493,271
JBMA,657.25,3.03,12.76,5.17,2.04,3.426,272
SPLPETRO,696.4,0.65,10.43,8.63,1.98,3.315,273
BLACKBUCK,630.0,25.95,2.27,-8.62,1.98,3.301,274
BEML,1958.5,6.17,13.81,-0.37,1.99,3.292,275
TRAVELFOOD,1308.5,13.53,7.48,-1.04,2.05,3.25,276
DCBBANK,201.1,10.9,2.43,7.4,2.15,3.21,277
CERA,5874.0,2.53,12.6,3.42,1.95,3.177,278
PNGJL,609.0,15.33,7.12,-4.84,1.85,3.176,279
ELLEN,324.15,22.16,31.9,-23.2,3.25,3.165,280
ARE&M,928.05,13.09,9.93,-2.93,2.16,3.104,281
NMDC,84.72,-6.56,6.94,13.78,1.53,3.078,282
NIVABUPA,82.01,-2.32,7.2,5.94,1.17,3.073,283
OLAELEC,37.78,0.53,37.33,-9.79,3.08,3.04,284
INDIGOPNTS,1141.1,13.72,16.68,-13.94,1.82,3.008,285
IIFLCAPS,336.3,-1.82,0.45,6.19,0.54,2.983,286
POLICYBZR,1786.7,-0.27,18.95,-0.76,2.02,2.963,287
GODREJPROP,2034.7,15.13,7.94,-4.49,2.11,2.939,288
ATGL,648.3,-9.09,24.2,6.44,2.49,2.888,289
FIVESTAR,528.0,15.76,18.51,-15.38,2.2,2.861,290
TITAGARH,851.5,4.28,13.49,-1.7,1.99,2.691,291
HEROMOTOCO,5669.0,13.86,1.38,-3.53,1.46,2.664,292
UNOMINDA,1260.6,12.7,4.29,-3.41,1.78,2.541,293
HOMEFIRST,1205.0,13.32,3.07,-2.06,2.11,2.267,294
BALUFORGE,556.45,19.23,10.56,-11.58,2.84,2.14,295
PRESTIGE,1610.9,14.95,5.35,-6.2,2.27,2.066,296
JUSTDIAL,673.15,29.41,6.12,-13.4,3.69,1.999,297
POWERMECH,2466.9,-3.15,13.24,1.99,2.04,1.975,298
ABDL,597.5,9.65,14.64,-9.57,2.51,1.959,299
YESBANK,22.77,-0.26,8.64,0.62,1.53,1.954,300
SUPRIYA,801.25,3.51,19.65,1.77,4.35,1.91,301
PETRONET,292.4,4.35,-3.11,6.58,1.39,1.876,302
AIIL,545.6,8.5,8.91,0.07,3.15,1.852,303
JUBLINGREA,713.45,-1.96,12.77,1.03,2.14,1.842,304
GMMPFAUDLR,1022.25,26.83,4.13,-17.43,2.47,1.828,305
GREAVESCOT,193.85,6.8,18.3,-6.7,3.41,1.797,306
LGEINDIA,1631.8,7.54,5.42,-3.09,1.85,1.776,307
AGARWALEYE,496.6,3.52,9.62,-3.89,1.81,1.703,308
ASHOKLEY,173.59,8.13,-14.69,18.7,2.43,1.664,309
EIEL,197.9,5.85,21.28,-11.39,3.23,1.626,310
LINDEINDIA,6705.5,-7.15,-1.66,16.8,1.65,1.617,311
DELHIVERY,451.95,-2.49,5.62,6.09,1.93,1.594,312
DATAMATICS,826.1,5.26,11.85,-7.73,2.0,1.558,313
CLEAN,827.8,9.4,11.09,-11.18,2.04,1.523,314
REFEX,293.5,3.29,24.11,-14.85,2.86,1.463,315
RELAXO,375.85,25.81,2.09,-10.81,4.21,1.354,316
BIOCON,413.4,-3.87,9.09,0.8,1.5,1.338,317
TIINDIA,2905.4,-4.67,17.57,-4.22,2.19,1.322,318
TEGA,1752.0,10.29,7.52,-8.41,2.4,1.306,319
ASAHIINDIA,950.4,11.41,-0.03,-3.75,1.99,1.277,320
PCBL,320.55,10.69,4.53,-3.7,3.03,1.268,321
MMTC,66.03,1.8,4.26,2.69,2.45,1.193,322
BORORENEW,551.5,6.92,12.16,-10.52,2.44,1.172,323
TRITURBINE,578.1,-16.27,18.66,6.83,2.67,1.149,324
APLLTD,823.0,7.96,6.15,-9.19,1.43,1.145,325
AARTIDRUGS,411.5,4.32,9.95,-8.79,1.61,1.136,326
OIL,477.25,-3.02,0.12,9.41,1.96,1.106,327
DEEPAKNTR,1732.6,-0.76,4.94,1.53,1.77,1.076,328
CASTROLIND,188.7,3.26,0.24,-1.14,0.74,1.06,329
BANDHANBNK,176.78,-11.79,4.31,16.9,3.03,1.038,330
BERGEPAINT,523.45,4.45,12.96,-10.77,2.14,1.037,331
SENCO,343.95,-1.48,3.03,7.45,2.93,1.024,332
CRISIL,4496.3,10.06,-2.12,-3.21,1.67,0.947,333
MRPL,176.19,16.53,-9.06,1.12,3.19,0.897,334
LUPIN,2198.2,-3.89,-1.28,8.53,1.25,0.893,335
BSE,3250.5,-26.18,18.57,12.26,1.88,0.823,336
PERSISTENT,5685.5,12.85,2.98,-9.98,2.5,0.78,337
CHALET,856.8,7.77,-1.78,-2.12,1.71,0.754,338
HAPPSTMNDS,421.5,14.07,7.24,-16.57,2.19,0.722,339
IMFA,1417.8,-5.23,4.06,5.55,2.22,0.656,340
KFINTECH,984.0,18.64,-5.32,-9.05,2.23,0.638,341
VGUARD,331.85,8.24,0.08,-5.02,1.73,0.633,342
PFIZER,4943.0,5.41,-2.17,-1.34,1.2,0.53,343
HERITGFOOD,381.0,14.72,7.52,-19.78,1.62,0.507,344
JSWDULUX,3120.7,7.72,2.84,-7.72,1.99,0.477,345
CDSL,1384.0,12.86,4.82,-15.61,1.7,0.407,346
CONCOR,515.45,1.89,1.97,-1.37,2.04,0.406,347
SCHAEFFLER,4017.0,-1.35,6.17,-2.98,1.52,0.401,348
ANGELONE,289.3,-16.01,15.28,2.8,1.86,0.369,349
RENUKA,25.05,7.56,5.25,-11.3,2.23,0.226,350
AXISCADES,1605.0,-19.52,14.38,6.96,2.86,0.211,351
CRAMC,261.0,9.02,2.63,-10.89,1.82,0.141,352
SONATSOFTW,305.3,11.38,7.61,-17.5,3.92,0.127,353
ASTRAL,1544.8,0.2,-6.13,6.55,2.09,0.099,354
TVSSCS,122.65,1.52,-3.25,1.52,2.51,-0.027,355
BALKRISIND,2346.8,5.75,-7.87,1.65,2.63,-0.059,356
ABREL,1453.6,13.05,6.07,-19.48,2.01,-0.06,357
GMRAIRPORT,99.86,3.05,-0.5,-2.97,1.52,-0.091,358
GMDCLTD,576.6,-16.81,2.8,13.05,2.11,-0.153,359
HCC,21.4,-2.46,13.47,-12.33,2.88,-0.153,360
GOKEX,799.5,11.85,1.74,-14.77,2.34,-0.169,361
GESHIP,1312.2,-20.41,1.66,17.45,2.29,-0.188,362
STYRENIX,2084.2,-8.28,5.42,1.61,1.96,-0.212,363
STAR,982.7,-14.78,11.65,1.71,2.13,-0.222,364
TIMETECHNO,189.85,7.08,-1.46,-8.1,2.3,-0.359,365
IGIL,337.45,-9.52,2.18,5.26,1.86,-0.374,366
ECLERX,1809.5,14.69,0.26,-18.71,3.14,-0.399,367
V2RETAIL,220.92,-7.48,9.53,-4.73,2.21,-0.403,368
RATNAMANI,2352.8,-8.24,9.33,-3.64,1.93,-0.44,369
GRSE,2642.1,-0.77,7.91,-9.55,1.75,-0.458,370
ANURAS,1243.4,-9.26,-3.63,11.23,1.15,-0.482,371
MPHASIS,2424.5,8.04,-0.46,-10.66,2.1,-0.49,372
CENTURYPLY,769.3,-1.12,0.59,-1.48,1.3,-0.515,373
PRAJIND,344.3,-12.58,8.48,0.63,2.23,-0.519,374
MGL,1129.0,5.03,1.95,-9.82,1.67,-0.568,375
PCJEWELLER,9.81,7.57,-3.44,-9.67,2.9,-0.637,376
APTUS,257.8,-0.92,5.38,-8.03,1.85,-0.646,377
BDL,1357.1,2.05,6.47,-12.84,2.13,-0.675,378
CAMS,755.25,-2.32,4.71,-5.93,1.72,-0.688,379
NHPC,76.68,-2.24,3.12,-4.29,1.58,-0.721,380
INDIANB,872.95,3.9,-6.95,-1.42,2.04,-0.729,381
SUPREMEIND,3658.6,1.26,-7.02,1.88,1.75,-0.739,382
CEATLTD,3582.4,10.0,-7.7,-7.8,2.14,-0.857,383
JUBLFOOD,502.1,14.44,-4.19,-15.63,2.02,-0.89,384
ATUL,6493.5,-7.76,-2.22,5.77,1.53,-0.916,385
JAMNAAUTO,120.75,-2.32,-15.45,9.83,2.62,-1.011,386
RITES,218.14,5.23,-1.44,-12.64,2.73,-1.08,387
IONEXCHANG,372.1,-8.87,-4.44,2.1,3.22,-1.16,388
GALLANTT,589.9,-14.51,7.26,-2.64,2.84,-1.162,389
NAVA,558.3,-8.33,0.02,2.08,1.76,-1.179,390
JPPOWER,17.23,-9.93,16.73,-20.38,3.51,-1.288,391
JSWCEMENT,126.01,-8.68,3.09,-0.21,1.45,-1.333,392
SAATVIKGL,417.9,-5.98,2.25,-5.48,2.27,-1.353,393
FIEMIND,2223.0,-2.23,-2.91,-3.99,2.23,-1.363,394
TARIL,300.7,-6.32,-1.16,-3.98,2.65,-1.443,395
ASHAPURMIN,596.2,-11.72,12.63,-16.09,3.28,-1.541,396
HDBFS,696.35,2.45,-3.95,-6.39,1.7,-1.542,397
NH,1821.4,-1.84,-0.42,-6.68,1.85,-1.612,398
ONESOURCE,1537.7,-14.89,15.3,-9.73,1.92,-1.614,399
RELIGARE,232.55,-1.71,2.63,-11.38,2.12,-1.641,400
AADHARHFC,462.15,-2.35,-2.02,-5.34,1.94,-1.665,401
NLCINDIA,271.85,-20.48,2.68,7.9,1.98,-1.669,402
THOMASCOOK,108.9,17.37,-0.5,-31.69,2.92,-1.69,403
MAHSCOOTER,13144.0,5.45,-5.13,-11.64,2.23,-1.69,404
NSLNISP,40.03,-11.46,2.83,-4.42,2.57,-1.693,405
SARDAEN,513.45,-9.66,0.24,0.84,1.68,-1.7,406
SAMHI,159.5,6.28,-3.53,-15.76,2.35,-1.843,407
FORTIS,906.55,-5.61,-0.07,-2.32,1.41,-1.894,408
AMBER,7328.5,-1.78,-7.16,-1.11,1.75,-1.912,409
SAMMAANCAP,151.33,-9.77,-0.04,-3.62,2.19,-2.044,410
GPPL,163.89,5.46,-8.09,-5.73,1.36,-2.045,411
ELECTCAST,73.14,-10.95,2.67,-4.85,2.14,-2.05,412
LICI,421.7,-1.35,-2.41,-7.15,1.75,-2.082,413
NEWGEN,525.7,20.6,-1.1,-42.92,3.71,-2.102,414
APOLLOTYRE,438.35,12.87,-7.74,-16.13,1.74,-2.108,415
LTTS,3595.2,1.38,2.87,-19.03,2.33,-2.117,416
SAGILITY,43.44,4.1,-4.53,-12.58,1.99,-2.178,417
FSL,273.8,-2.32,5.33,-25.44,3.24,-2.304,418
JMFINANCIL,130.33,-1.65,-5.63,-9.79,2.46,-2.308,419
NATCOPHARM,886.2,-24.45,-0.48,6.75,2.56,-2.367,420
GODREJAGRO,577.3,-1.2,-9.93,1.07,1.39,-2.413,421
EMBDL,64.29,2.26,1.53,-22.43,2.55,-2.432,422
NUVOCO,322.45,-0.52,-6.86,-11.55,2.55,-2.477,423
DALBHARAT,1894.6,3.95,-10.33,-4.84,1.5,-2.5,424
DBL,416.05,-3.22,-3.38,-10.71,2.3,-2.51,425
HEXT,547.55,8.18,-4.23,-22.08,2.39,-2.526,426
ALKEM,5353.5,-0.87,-2.02,-6.29,1.19,-2.574,427
REDTAPE,123.77,-7.68,-3.84,-5.94,2.25,-2.58,428
SUNDARMFIN,4525.0,0.7,-13.49,-2.75,2.0,-2.592,429
PAGEIND,35575.0,-9.83,6.43,-10.54,1.75,-2.662,430
KAYNES,3809.0,15.46,-1.79,-36.17,2.79,-2.692,431
VAIBHAVGBL,226.15,-0.59,-8.47,-10.04,2.27,-2.803,432
AAVAS,1358.4,-2.76,4.28,-18.73,2.02,-2.834,433
COROMANDEL,2008.3,8.74,-13.1,-11.31,1.83,-2.852,434
BHARTIHEXA,1592.5,2.21,-5.23,-13.27,1.89,-2.871,435
JSL,708.8,-3.78,-4.25,-5.62,1.58,-2.876,436
3MINDIA,33630.0,0.95,-6.83,-6.35,1.4,-2.911,437
NCC,149.89,2.54,-1.49,-17.57,1.85,-2.98,438
SUBROS,740.45,2.0,-7.76,-17.96,2.63,-3.007,439
TSFINV,418.15,3.34,-1.18,-22.2,2.21,-3.024,440
BLS,272.62,1.33,-2.18,-15.55,1.79,-3.051,441
SRF,2578.2,-2.32,-6.0,-8.46,1.81,-3.098,442
BANKINDIA,143.84,-0.79,-14.97,-2.63,1.93,-3.182,443
WEBELSOLAR,83.61,-25.96,28.99,-26.53,2.44,-3.205,444
IEX,124.03,-2.7,0.13,-13.34,1.61,-3.289,445
BANCOINDIA,626.4,0.26,-4.66,-19.47,2.37,-3.358,446
SWSOLAR,195.0,-1.04,-9.01,-14.57,2.41,-3.399,447
TRIVENI,296.78,-21.38,-21.97,-17.85,5.98,-3.414,448
NTPCGREEN,92.2,-10.52,1.87,-5.44,1.36,-3.453,449
DCMSHRIRAM,1086.0,-2.33,-1.88,-10.32,1.4,-3.454,450
SBFC,93.8,2.88,-3.33,-14.36,1.42,-3.469,451
COCHINSHIP,1480.2,-3.01,-2.76,-14.18,1.9,-3.498,452
TIMKEN,3096.1,-14.5,-2.1,-0.07,1.56,-3.557,453
CROMPTON,255.25,-11.69,-4.01,-5.46,1.96,-3.598,454
ADVENZYMES,303.3,-19.52,0.98,-7.57,2.38,-3.664,455
ARVINDFASN,450.0,-0.22,-6.74,-10.29,1.56,-3.688,456
CANFINHOME,835.1,-2.06,-7.21,-7.91,1.54,-3.725,457
FACT,790.8,-10.45,-1.34,-12.45,2.14,-3.769,458
SANDUMA,200.0,-13.95,-3.86,-3.27,1.86,-3.787,459
MAPMYINDIA,997.0,15.13,-13.64,-41.11,3.46,-3.822,460
CHAMBLFERT,432.65,-6.65,-5.86,-5.38,1.56,-3.827,461
ITI,279.25,-3.96,-2.29,-9.38,1.32,-3.956,462
IDBI,81.89,12.27,-26.12,-20.34,2.88,-3.957,463
PTC,157.14,-18.13,-10.04,-4.18,2.69,-4.011,464
JKCEMENT,5256.5,-3.4,-11.08,-7.89,1.85,-4.025,465
ITCHOTELS,164.96,5.59,-8.69,-21.25,2.0,-4.057,466
INOXGREEN,173.75,-3.66,1.58,-26.24,2.3,-4.1,467
ELECON,445.5,-15.17,4.84,-16.33,2.17,-4.102,468
JAIBALAJI,65.31,-10.4,-2.42,-16.0,2.31,-4.164,469
PURVA,215.56,-6.23,-7.87,-14.44,2.27,-4.189,470
SURYAROSNI,220.0,-5.42,-1.52,-16.65,1.86,-4.234,471
PNCINFRA,208.04,-3.38,-4.88,-21.02,2.3,-4.237,472
SUZLON,46.95,-13.98,3.76,-17.2,2.15,-4.244,473
SWIGGY,277.55,9.31,-15.03,-29.82,2.75,-4.313,474
TEXRAIL,105.47,-3.17,-5.91,-19.78,2.21,-4.347,475
ANUP,1837.0,-7.11,-2.47,-24.93,2.64,-4.359,476
IXIGO,170.65,-0.3,-9.74,-36.25,3.54,-4.362,477
MASTEK,1675.1,0.31,-2.76,-27.22,2.23,-4.442,478
BLUEDART,5082.0,4.75,-11.92,-15.08,1.66,-4.461,479
DOMS,2215.1,0.51,-6.47,-14.79,1.53,-4.518,480
CIEINDIA,404.4,-11.55,-11.76,-4.81,2.07,-4.527,481
FORCEMOT,17863.0,-9.93,-26.0,2.03,2.49,-4.531,482
HEMIPROP,131.3,-9.92,-4.93,-6.71,1.59,-4.535,483
HAVELLS,1268.8,5.4,-11.57,-11.91,1.31,-4.595,484
TRIDENT,24.58,0.53,-5.13,-14.03,1.33,-4.657,485
ZENSARTECH,485.45,-1.54,-16.1,-31.58,3.46,-4.739,486
GICRE,359.75,-5.69,-7.57,-8.57,1.51,-4.813,487
CESC,155.5,-14.95,2.53,-8.44,1.42,-4.882,488
ERIS,1305.8,-2.83,-4.29,-15.78,1.56,-4.886,489
CCAVENUE,14.97,7.16,-20.79,-25.6,2.63,-4.98,490
VIPIND,309.75,0.95,-16.48,-20.76,2.42,-4.995,491
JSLL,508.8,-19.91,-29.11,-28.02,5.07,-5.07,492
CHOLAHLDNG,1574.5,-3.09,-10.39,-16.69,1.98,-5.08,493
MRF,132800.0,4.74,-10.25,-15.49,1.38,-5.088,494
TATACOMM,1665.8,-13.96,0.49,-11.18,1.61,-5.11,495
KANSAINER,202.27,-7.19,-0.57,-18.7,1.73,-5.112,496
GPIL,248.65,-14.67,-8.92,-6.17,1.94,-5.116,497
ESCORTS,3080.0,4.78,-11.0,-13.43,1.24,-5.286,498
BATAINDIA,710.45,2.05,-15.11,-29.79,2.7,-5.289,499
BAJAJELEC,351.75,4.67,-8.51,-29.35,2.09,-5.295,500
RHIM,375.0,-6.98,-20.72,-22.29,3.11,-5.362,501
MFSL,1582.0,-5.83,-14.85,-5.82,1.64,-5.372,502
SANOFICONR,4210.0,-11.09,0.72,-10.49,1.29,-5.374,503
UCOBANK,25.82,1.61,-10.25,-16.84,1.58,-5.387,504
ROUTE,500.85,-2.05,-7.28,-27.72,2.27,-5.438,505
KNRCON,128.04,-3.83,-10.32,-23.23,2.2,-5.655,506
MSUMI,38.51,-2.06,-10.48,-20.83,1.95,-5.691,507
LICHSGFIN,493.5,-9.31,-5.11,-11.05,1.49,-5.71,508
ABBOTINDIA,25940.0,-6.37,-1.97,-12.16,1.19,-5.73,509
CAMPUS,229.11,-2.94,-15.49,-12.97,1.82,-5.766,510
TARC,124.12,-4.97,-19.55,-11.64,2.09,-5.771,511
TATAINVEST,648.05,-6.7,-6.39,-14.62,1.59,-5.828,512
INDIASHLTR,680.5,-13.28,-6.37,-22.19,2.36,-5.919,513
DBREALTY,108.42,-10.35,-11.39,-23.06,2.47,-6.053,514
CYIENT,896.25,-0.6,-11.29,-20.54,1.75,-6.176,515
HBLENGINE,710.2,-11.16,-2.31,-23.72,1.99,-6.23,516
EIHOTEL,303.05,-5.61,-9.02,-20.21,1.86,-6.242,517
WAAREERTL,884.0,-9.59,-1.08,-20.14,1.64,-6.252,518
NBCC,89.32,-6.52,-6.45,-22.99,1.9,-6.325,519
INDIACEM,371.85,-7.22,-14.24,-9.59,1.63,-6.353,520
EIDPARRY,796.7,0.87,-13.07,-22.48,1.81,-6.39,521
BAJAJHFL,85.28,0.27,-3.3,-19.86,1.18,-6.466,522
TECHNOE,999.3,-27.22,-13.23,-15.49,2.88,-6.474,523
ACI,499.1,-8.38,-11.73,-16.43,1.87,-6.522,524
ZAGGLE,200.93,-7.84,-16.82,-47.81,3.6,-6.718,525
SKFINDIA,1580.9,-5.87,-7.91,-19.98,1.66,-6.776,526
FINPIPE,159.05,-8.12,-15.82,-15.42,1.92,-6.826,527
BSOFT,306.25,-5.59,-20.65,-21.23,2.25,-7.027,528
RAMCOCEM,903.1,-1.25,-22.43,-9.22,1.55,-7.074,529
NETWORK18,30.17,-4.25,-20.02,-34.2,2.74,-7.119,530
SHAKTIPUMP,503.75,-1.45,-12.51,-28.22,1.97,-7.141,531
RTNINDIA,30.58,-12.53,-8.14,-32.54,2.46,-7.21,532
GILLETTE,7529.0,-3.57,-13.12,-9.75,1.21,-7.256,533
CENTRALBK,31.31,0.93,-17.78,-18.97,1.64,-7.296,534
BIKAJI,608.3,-6.87,-4.06,-14.86,1.18,-7.318,535
VOLTAS,1225.1,-3.64,-19.01,-13.22,1.62,-7.378,536
JUBLPHARMA,878.3,-12.72,-1.81,-24.21,1.75,-7.392,537
ICICIPRULI,513.1,-2.58,-20.92,-16.43,1.79,-7.434,538
IOB,33.1,-2.04,-9.41,-17.5,1.29,-7.467,539
SOBHA,1301.0,-6.75,-12.53,-17.22,1.61,-7.578,540
AFCONS,279.6,-7.74,-13.52,-28.11,2.15,-7.644,541
SBICARD,642.3,2.16,-19.53,-26.52,1.88,-7.801,542
JKTYRE,377.05,-4.34,-32.39,-16.31,2.25,-7.865,543
VIKRAMSOLR,172.85,-13.5,-19.92,-42.51,3.22,-7.872,544
JAINREC,297.5,-25.5,-21.67,-30.13,3.27,-7.891,545
INTELLECT,682.65,-4.3,-2.12,-40.27,1.95,-7.994,546
ICICIGI,1622.1,-11.18,-15.87,-19.93,1.96,-8.006,547
AHLUCONT,702.0,-12.94,-13.1,-33.38,2.47,-8.032,548
HINDPETRO,365.15,-8.25,-15.93,-23.59,1.98,-8.038,549
CELLO,361.5,-4.99,-22.59,-41.25,2.85,-8.056,550
COLPAL,1890.3,-9.86,-14.23,-13.42,1.54,-8.096,551
TTML,38.07,-11.36,-11.28,-26.05,1.99,-8.138,552
RAILTEL,286.3,-11.65,-12.89,-18.11,1.74,-8.176,553
PRSMJOHNSN,107.87,-9.2,-10.03,-25.84,1.81,-8.278,554
GODFRYPHLP,2115.0,-7.98,-16.19,-28.1,2.08,-8.357,555
SAFARI,1484.8,-2.76,-14.91,-33.74,2.04,-8.389,556
TORNTPOWER,1251.3,-14.79,-16.17,-4.76,1.41,-8.435,557
KSCL,769.85,-16.17,-9.05,-27.98,2.09,-8.47,558
SIGNATURE,801.65,-1.47,-25.02,-27.82,2.14,-8.476,559
CSBBANK,322.3,-10.78,-18.18,-23.72,2.07,-8.492,560
SUNTECK,296.7,-2.29,-26.02,-32.04,2.35,-8.543,561
MEDPLUS,680.85,-24.24,-19.93,-12.85,2.22,-8.548,562
HUDCO,187.15,-9.82,-5.01,-21.13,1.4,-8.551,563
BAYERCROP,4089.9,-6.38,-15.33,-10.27,1.23,-8.677,564
WAAREEENER,2698.0,-12.63,-6.13,-16.9,1.36,-8.729,565
IREDA,115.36,-10.95,-8.24,-21.33,1.54,-8.757,566
NESCO,1040.8,-16.16,-11.53,-17.41,1.7,-8.842,567
BLUESTARCO,1514.5,-8.34,-24.9,-15.63,1.84,-8.853,568
JWL,249.1,-15.93,-14.28,-17.75,1.79,-8.938,569
AWL,189.29,-1.95,-5.25,-31.6,1.44,-8.962,570
RTNPOWER,7.89,-14.15,-10.54,-22.34,1.74,-8.991,571
GHCL,442.75,-0.55,-12.45,-25.46,1.43,-8.996,572
BIRLACORPN,891.7,-11.37,-14.91,-24.39,1.85,-9.122,573
IRB,18.98,-12.37,-7.48,-13.67,1.22,-9.141,574
LEMONTREE,108.39,-7.17,-12.42,-28.21,1.74,-9.142,575
EMAMILTD,402.75,-0.04,-17.91,-22.43,1.46,-9.235,576
GODIGIT,259.6,-15.3,-22.39,-26.35,2.22,-9.601,577
PIIND,2501.5,-12.2,-17.41,-27.28,1.97,-9.604,578
RPOWER,23.19,-13.11,-13.28,-41.02,2.34,-9.609,579
RAYMONDLSL,728.05,2.18,-23.39,-34.76,1.93,-9.671,580
OSWALPUMPS,301.95,-16.26,-15.4,-52.26,2.86,-9.779,581
AURIONPRO,697.95,-15.19,-28.75,-38.48,2.78,-9.865,582
GSFC,158.7,-6.2,-8.98,-17.58,1.1,-9.897,583
INDUSTOWER,376.4,-14.23,-21.21,-6.66,1.4,-9.996,584
SUNTV,473.85,-4.14,-19.55,-15.38,1.28,-10.2,585
AVANTIFEED,855.5,-36.05,-36.48,1.65,2.32,-10.205,586
JYOTHYLAB,203.2,-0.27,-16.63,-34.36,1.67,-10.227,587
GMRP&UI,97.61,-8.68,-13.13,-26.16,1.56,-10.281,588
RCF,118.4,-10.36,-10.17,-20.1,1.3,-10.438,589
UTIAMC,898.4,-6.19,-16.29,-21.81,1.38,-10.714,590
UBL,1331.4,0.6,-17.54,-23.83,1.26,-10.769,591
TRANSRAILL,463.0,-10.81,-18.5,-28.28,1.78,-10.783,592
EUREKAFORB,414.1,-11.11,-20.73,-29.5,1.89,-10.808,593
IRCON,125.78,-10.3,-15.8,-23.87,1.53,-10.891,594
ORIENTCEM,131.46,-3.62,-18.7,-29.46,1.58,-10.931,595
SYNGENE,407.2,-12.48,-7.07,-35.83,1.63,-11.303,596
VMM,104.1,-14.02,-12.24,-23.09,1.45,-11.341,597
KPITTECH,590.35,-24.77,-30.34,-50.66,3.11,-11.349,598
IGL,148.92,-10.29,-11.33,-27.02,1.41,-11.472,599
SHARDACROP,767.0,-19.08,-38.66,-0.56,1.67,-11.633,600
INOXWIND,74.54,-22.53,-22.88,-46.02,2.62,-11.637,601
ABFRL,54.88,-18.53,-23.57,-29.7,2.06,-11.64,602
TATAELXSI,3674.2,-15.26,-24.08,-31.53,2.03,-11.651,603
LATENTVIEW,279.85,-13.1,-28.75,-43.38,2.42,-11.741,604
MOIL,254.85,-15.5,-15.56,-23.25,1.53,-11.843,605
UPL,569.15,-13.11,-25.61,-24.47,1.76,-11.992,606
SJVN,66.4,-10.01,-11.63,-18.87,1.12,-12.012,607
CMSINFO,250.55,-19.32,-21.67,-29.84,1.96,-12.024,608
ASHOKA,112.65,-8.62,-24.73,-37.9,1.92,-12.373,609
RALLIS,212.38,-16.11,-28.09,-13.95,1.56,-12.426,610
STARCEMENT,193.85,-12.28,-10.83,-17.6,1.09,-12.474,611
FIRSTCRY,197.95,-15.0,-8.42,-38.53,1.64,-12.566,612
TATACHEM,631.85,-19.4,-10.39,-22.84,1.38,-12.715,613
ACC,1307.0,-3.9,-20.28,-28.92,1.37,-12.874,614
NFL,70.45,-9.14,-12.91,-21.8,1.13,-12.957,615
SWANCORP,304.5,-4.2,-26.29,-34.42,1.64,-13.195,616
DABUR,399.35,-10.7,-21.79,-22.84,1.39,-13.297,617
KITEX,125.22,-20.68,-36.13,-41.17,2.42,-13.503,618
RVNL,228.31,-12.1,-25.6,-28.45,1.59,-13.844,619
WHIRLPOOL,767.25,-10.27,-16.02,-35.41,1.48,-13.886,620
ALOKINDS,11.67,-7.89,-21.73,-32.03,1.44,-14.26,621
CRIZAC,171.8,-23.3,-27.46,-38.11,2.08,-14.265,622
INDIAMART,1745.0,-14.01,-19.94,-27.69,1.42,-14.52,623
BBTC,1438.3,-7.0,-21.02,-27.14,1.26,-14.593,624
KPIGREEN,318.45,-27.02,-21.25,-31.12,1.77,-14.929,625
AWFIS,268.4,-25.57,-16.09,-50.93,2.01,-15.382,626
PATANJALI,349.15,-25.47,-35.13,-40.1,2.14,-15.685,627
KEC,430.6,-11.23,-29.05,-44.91,1.79,-15.872,628
ABLBL,86.85,-14.87,-21.4,-37.93,1.56,-15.901,629
HGINFRA,512.55,-14.98,-17.73,-41.02,1.53,-16.053,630
IRCTC,483.85,-10.04,-22.39,-31.37,1.24,-17.127,631
JKLAKSHMI,558.2,-9.18,-22.63,-31.83,1.17,-18.12,632
